{"type":"FeatureCollection","properties":{"track_count":81,"voyage_count":13,"distance_nm":3108.9},"features":[{"type":"Feature","properties":{"name":"Fair Sailing in Lübeck Bucht with Dasha","source":"2023/day-sails/Fair Sailing in Lübeck Bucht with Dasha.gpx","year":"2023","voyage_id":"2023/day-sails","voyage_title":"Day sails around Lübeck","start":"2023-09-03T11:15:42Z","end":"2023-09-03T17:17:39Z","distance_nm":18.17,"duration_hours":6.03,"day_marks":[{"time":"2023-09-03T12:00:00Z","coordinates":[10.863662,53.912818],"distance_nm":2.79}],"segment_count":1,"original_points":153,"simplified_points":78,"tolerance_m":20.0},"geometry":{"type":"LineString","coordinates":[[10.795124,53.894796],[10.812424,53.894143],[10.820536,53.895003],[10.827057,53.896191],[10.841322,53.902202],[10.847332,53.90565],[10.855218,53.908583],[10.864058,53.913028],[10.868684,53.916226],[10.871019,53.918326],[10.872079,53.919906],[10.872591,53.922048],[10.872645,53.926014],[10.871118,53.928251],[10.868639,53.935063],[10.86324,53.943527],[10.861938,53.947719],[10.862575,53.950013],[10.86492,53.952398],[10.871675,53.956122],[10.876112,53.957744],[10.884179,53.959619],[10.886577,53.961182],[10.890718,53.96196],[10.896243,53.964551],[10.897087,53.965726],[10.90148,53.968269],[10.903573,53.970546],[10.908361,53.971478],[10.910391,53.972654],[10.911298,53.973607],[10.921503,53.97607],[10.923137,53.980311],[10.923613,53.98362],[10.924332,53.984202],[10.924341,53.985378],[10.923137,53.987792],[10.923164,53.989327],[10.914334,53.982715],[10.90978,53.979697],[10.908361,53.979104],[10.906537,53.976461],[10.901435,53.971293],[10.899333,53.967755],[10.895515,53.965022],[10.89185,53.961717],[10.889353,53.96026],[10.887269,53.960313],[10.883128,53.959629],[10.873013,53.957145],[10.865288,53.953367],[10.863429,53.951693],[10.862432,53.949563],[10.862144,53.947428],[10.862998,53.944206],[10.865064,53.940846],[10.867462,53.934782],[10.870202,53.929979],[10.871468,53.924471],[10.871046,53.92111],[10.869744,53.918114],[10.868154,53.916337],[10.862728,53.91281],[10.856377,53.910053],[10.851715,53.908716],[10.848032,53.907204],[10.839921,53.902786],[10.831243,53.898929],[10.823087,53.896462],[10.814302,53.895029],[10.808661,53.894817],[10.799588,53.895003],[10.791261,53.894685],[10.782197,53.894796],[10.778748,53.895104],[10.771993,53.895873],[10.768777,53.896945],[10.768085,53.89677]]}},{"type":"Feature","properties":{"name":"Fuelling and walk-around in Lübeck Bucht with Alexey","source":"2023/day-sails/Fuelling and walk-around in Lübeck Bucht with Alexey.gpx","year":"2023","voyage_id":"2023/day-sails","voyage_title":"Day sails around Lübeck","start":"2023-07-15T08:03:37Z","end":"2023-07-15T15:26:53Z","distance_nm":19.95,"duration_hours":7.39,"day_marks":[{"time":"2023-07-15T12:00:00Z","coordinates":[10.918809,53.975819],"distance_nm":11.02}],"segment_count":1,"original_points":168,"simplified_points":86,"tolerance_m":20.0},"geometry":{"type":"LineString","coordinates":[[10.780311,53.895613],[10.807807,53.894653],[10.812406,53.894074],[10.825467,53.896515],[10.847376,53.905831],[10.862971,53.913187],[10.870813,53.918411],[10.871998,53.921147],[10.872726,53.925065],[10.871172,53.930621],[10.869447,53.934273],[10.86501,53.940644],[10.862647,53.945149],[10.86236,53.948164],[10.863698,53.9511],[10.869321,53.954888],[10.872519,53.955805],[10.872052,53.955879],[10.870947,53.955375],[10.871217,53.955677],[10.870929,53.955322],[10.871747,53.955301],[10.872906,53.957521],[10.872079,53.957781],[10.872654,53.958035],[10.881017,53.959682],[10.879625,53.957834],[10.876391,53.95794],[10.890683,53.961431],[10.896863,53.96517],[10.895695,53.967172],[10.895839,53.969524],[10.896701,53.969889],[10.90086,53.970403],[10.901121,53.971266],[10.902899,53.971764],[10.903609,53.973056],[10.907597,53.976673],[10.906708,53.978558],[10.904687,53.980104],[10.902091,53.980322],[10.892389,53.978897],[10.893584,53.978934],[10.894186,53.979766],[10.896396,53.980163],[10.901103,53.979924],[10.912349,53.978034],[10.9179,53.976816],[10.923551,53.976006],[10.92391,53.976239],[10.922006,53.976557],[10.916526,53.975291],[10.902055,53.973925],[10.901642,53.973348],[10.90113,53.973464],[10.902073,53.971484],[10.892587,53.963083],[10.890323,53.961923],[10.886092,53.960493],[10.875834,53.958586],[10.871522,53.957145],[10.863537,53.952],[10.862477,53.950776],[10.861758,53.948307],[10.862207,53.94605],[10.864093,53.94224],[10.866312,53.939144],[10.86748,53.935482],[10.870103,53.930913],[10.871944,53.924938],[10.872079,53.92304],[10.871019,53.92086],[10.870058,53.92051],[10.868001,53.916454],[10.860905,53.912238],[10.847691,53.907353],[10.834702,53.900987],[10.827884,53.898314],[10.827336,53.896695],[10.823653,53.895555],[10.820374,53.895162],[10.8054,53.894807],[10.77308,53.895788],[10.770996,53.895984],[10.768687,53.896934],[10.768112,53.896605]]}},{"type":"Feature","properties":{"name":"Hull Cleaning","source":"2023/day-sails/Hull Cleaning.gpx","year":"2023","voyage_id":"2023/day-sails","voyage_title":"Day sails around Lübeck","start":"2023-09-06T06:21:38Z","end":"2023-09-06T10:32:52Z","distance_nm":8.57,"duration_hours":4.19,"day_marks":[],"segment_count":1,"original_points":107,"simplified_points":53,"tolerance_m":20.0},"geometry":{"type":"LineString","coordinates":[[10.768193,53.896733],[10.768588,53.896934],[10.77105,53.896149],[10.774535,53.895597],[10.777023,53.895549],[10.778505,53.897231],[10.777032,53.899157],[10.767106,53.904955],[10.759435,53.907894],[10.752922,53.90878],[10.736349,53.909199],[10.73175,53.908933],[10.726477,53.908175],[10.718078,53.90687],[10.714269,53.905979],[10.709086,53.904191],[10.7042,53.901794],[10.701577,53.901152],[10.695405,53.902505],[10.693977,53.904069],[10.693357,53.905799],[10.693591,53.904929],[10.693537,53.9053],[10.694363,53.905703],[10.693654,53.905109],[10.69342,53.905698],[10.694714,53.905884],[10.694265,53.906541],[10.69492,53.906838],[10.694256,53.906557],[10.694399,53.905714],[10.693393,53.90574],[10.693429,53.905311],[10.69537,53.902563],[10.697489,53.902032],[10.699043,53.901979],[10.701693,53.901046],[10.704918,53.901857],[10.708727,53.903825],[10.713542,53.905417],[10.728381,53.907958],[10.734813,53.908488],[10.745341,53.908663],[10.752806,53.908366],[10.758797,53.907348],[10.76981,53.902823],[10.778146,53.89868],[10.7782,53.897836],[10.777005,53.896059],[10.774436,53.895666],[10.772756,53.895719],[10.770933,53.895984],[10.768552,53.896966]]}},{"type":"Feature","properties":{"name":"Kalmar – Bergkvara","source":"2023/sweden-to-germany-delivery/2023.05.15 Kalmar – Bergkvara.gpx","year":"2023","voyage_id":"2023/sweden-to-germany-delivery","voyage_title":"Delivery from Sweden to Germany","start":"2023-05-15T13:21:00Z","end":"2023-05-15T19:37:43Z","distance_nm":21.86,"duration_hours":6.28,"day_marks":[],"segment_count":1,"original_points":22604,"simplified_points":32,"tolerance_m":20.0},"geometry":{"type":"LineString","coordinates":[[16.371942,56.661158],[16.376676,56.661539],[16.380197,56.659396],[16.380422,56.658936],[16.376864,56.656562],[16.373325,56.651634],[16.368762,56.643409],[16.351722,56.62321],[16.350653,56.620298],[16.346754,56.615355],[16.343538,56.609927],[16.337205,56.604021],[16.3278,56.597],[16.324953,56.593249],[16.31994,56.582329],[16.310589,56.5686],[16.305424,56.559107],[16.275089,56.499798],[16.268487,56.485378],[16.260699,56.476008],[16.215479,56.442009],[16.177015,56.412152],[16.13326,56.376421],[16.130816,56.376774],[16.125535,56.378743],[16.117549,56.381111],[16.105198,56.380263],[16.099242,56.380498],[16.093727,56.386403],[16.09272,56.388018],[16.092828,56.38885],[16.090439,56.389667]]}},{"type":"Feature","properties":{"name":"Bergkvara – Sandhamn","source":"2023/sweden-to-germany-delivery/2023.05.16 Bergkvara – Sandhamn.gpx","year":"2023","voyage_id":"2023/sweden-to-germany-delivery","voyage_title":"Delivery from Sweden to Germany","start":"2023-05-16T08:47:40Z","end":"2023-05-16T17:07:10Z","distance_nm":31.25,"duration_hours":8.32,"day_marks":[{"time":"2023-05-16T12:00:00Z","coordinates":[16.072391,56.16976],"distance_nm":14.94}],"segment_count":3,"original_points":29806,"simplified_points":82,"tolerance_m":20.0},"geometry":{"type":"MultiLineString","coordinates":[[[16.09052,56.389612],[16.091732,56.389343],[16.093816,56.387116],[16.09537,56.383009],[16.098721,56.37986],[16.11745,56.381021],[16.125463,56.377961],[16.129748,56.375987],[16.131158,56.374781],[16.130969,56.350937],[16.130358,56.337841],[16.133745,56.32825],[16.140239,56.315951],[16.115968,56.278805],[16.114055,56.276766],[16.110857,56.274522],[16.101272,56.259151],[16.097616,56.251415],[16.090609,56.230621],[16.089011,56.227699],[16.088912,56.224486],[16.086352,56.217379],[16.079588,56.204138],[16.076282,56.196927],[16.074449,56.191573],[16.071737,56.187211],[16.072572,56.186374],[16.072743,56.183779],[16.07188,56.180307],[16.071737,56.172506],[16.073641,56.162562],[16.075653,56.154426],[16.077225,56.149492],[16.077935,56.14866],[16.080342,56.138364],[16.086441,56.119601],[16.089073,56.108449],[16.09043,56.104599],[16.090933,56.104453],[16.092631,56.105116],[16.093762,56.1061],[16.093197,56.108228],[16.096233,56.109714],[16.09617,56.110678],[16.098514,56.111687],[16.103653,56.112379],[16.097823,56.118151],[16.100086,56.12066],[16.099655,56.121116],[16.099224,56.121066],[16.098685,56.119862],[16.099323,56.118678],[16.099062,56.117905],[16.097679,56.117604],[16.097921,56.11663],[16.097293,56.115566],[16.094472,56.114502]],[[16.094265,56.114487],[16.090942,56.114126]],[[16.086612,56.113694],[16.066455,56.111596],[16.063562,56.110899],[16.060284,56.109609],[16.007977,56.09868],[15.985017,56.093428],[15.951394,56.089897],[15.91646,56.087276],[15.865707,56.078913],[15.86021,56.091027],[15.858287,56.094256],[15.857703,56.093955],[15.854838,56.093583],[15.854542,56.093759],[15.854353,56.093583],[15.854919,56.093528],[15.857784,56.094035],[15.854362,56.093654],[15.854739,56.093593],[15.854272,56.093428],[15.85067,56.095195],[15.849412,56.095431],[15.845649,56.095095]]]}},{"type":"Feature","properties":{"name":"Sandhamn – Karlskrona","source":"2023/sweden-to-germany-delivery/2023.05.17 Sandhamn – Karlskrona.gpx","year":"2023","voyage_id":"2023/sweden-to-germany-delivery","voyage_title":"Delivery from Sweden to Germany","start":"2023-05-17T15:04:11Z","end":"2023-05-17T18:52:30Z","distance_nm":15.69,"duration_hours":3.81,"day_marks":[],"segment_count":1,"original_points":13700,"simplified_points":45,"tolerance_m":20.0},"geometry":{"type":"LineString","coordinates":[[15.857712,56.09393],[15.859168,56.092649],[15.860201,56.090982],[15.860183,56.08944],[15.861656,56.086377],[15.862635,56.082755],[15.866516,56.07507],[15.863282,56.067035],[15.862689,56.060774],[15.860533,56.055823],[15.854631,56.052244],[15.853877,56.052435],[15.853239,56.053199],[15.852817,56.052908],[15.851999,56.053159],[15.849556,56.054571],[15.843044,56.057411],[15.830018,56.061583],[15.82329,56.064463],[15.809942,56.084076],[15.791267,56.093608],[15.786479,56.09645],[15.78514,56.097766],[15.778826,56.105744],[15.77614,56.110527],[15.777622,56.115551],[15.779526,56.118567],[15.78912,56.127559],[15.778053,56.133679],[15.772996,56.134738],[15.764175,56.135691],[15.759459,56.135656],[15.754311,56.136503],[15.750161,56.138194],[15.747808,56.139703],[15.74408,56.141293],[15.74037,56.142567],[15.735843,56.143655],[15.679952,56.151613],[15.675954,56.151919],[15.629936,56.157855],[15.620593,56.160001],[15.608036,56.167715],[15.600499,56.168301],[15.596187,56.167915]]}},{"type":"Feature","properties":{"name":"Karlskrona – Hanö","source":"2023/sweden-to-germany-delivery/2023.05.18 Karlskrona – Hanö.gpx","year":"2023","voyage_id":"2023/sweden-to-germany-delivery","voyage_title":"Delivery from Sweden to Germany","start":"2023-05-18T10:32:01Z","end":"2023-05-18T18:09:39Z","distance_nm":34.28,"duration_hours":7.63,"day_marks":[{"time":"2023-05-18T12:00:00Z","coordinates":[15.562628,56.072725],"distance_nm":6.3}],"segment_count":1,"original_points":27459,"simplified_points":52,"tolerance_m":20.0},"geometry":{"type":"LineString","coordinates":[[15.598092,56.171413],[15.598289,56.17017],[15.595927,56.165334],[15.597615,56.163825],[15.600688,56.162793],[15.603113,56.161189],[15.602799,56.154596],[15.59864,56.149773],[15.596582,56.140942],[15.56729,56.090465],[15.558612,56.057517],[15.540754,56.056843],[15.517076,56.054491],[15.497125,56.051776],[15.494331,56.051641],[15.468784,56.052123],[15.45858,56.052063],[15.452112,56.051721],[15.447082,56.051937],[15.444019,56.051691],[15.431218,56.051867],[15.410971,56.051234],[15.383645,56.050932],[15.379935,56.051973],[15.371051,56.056557],[15.328931,56.054335],[15.287107,56.052787],[15.190057,56.045432],[15.168453,56.044361],[15.082479,56.038443],[15.072373,56.037522],[15.050177,56.036366],[15.031726,56.034932],[14.986237,56.03025],[14.932834,56.023358],[14.902149,56.018493],[14.897433,56.01872],[14.886043,56.020159],[14.851109,56.025185],[14.835362,56.025683],[14.832856,56.031351],[14.82991,56.027946],[14.829299,56.02604],[14.831221,56.01956],[14.832101,56.011479],[14.835003,56.010201],[14.835766,56.010211],[14.834994,56.01012],[14.835883,56.010362],[14.835982,56.01002],[14.835497,56.010075],[14.835829,56.009974]]}},{"type":"Feature","properties":{"name":"Hanö – Gislövs Läge","source":"2023/sweden-to-germany-delivery/2023.05.19 Hanö – Gislövs Läge.gpx","year":"2023","voyage_id":"2023/sweden-to-germany-delivery","voyage_title":"Delivery from Sweden to Germany","start":"2023-05-19T06:08:24Z","end":"2023-05-19T20:05:09Z","distance_nm":79.72,"duration_hours":13.95,"day_marks":[{"time":"2023-05-19T12:00:00Z","coordinates":[14.402078,55.534569],"distance_nm":32.57}],"segment_count":2,"original_points":50189,"simplified_points":72,"tolerance_m":20.0},"geometry":{"type":"MultiLineString","coordinates":[[[14.835793,56.010095],[14.83503,56.010125],[14.8337,56.010795],[14.832452,56.010608],[14.829712,56.007287],[14.809519,55.987558],[14.794005,55.969925],[14.781438,55.956946],[14.723472,55.893044],[14.70354,55.869828],[14.67669,55.844318],[14.621536,55.788996],[14.592916,55.759746],[14.551685,55.716344],[14.541238,55.706079],[14.513742,55.672756],[14.46837,55.619879],[14.455147,55.602622],[14.443793,55.586584],[14.447584,55.578209],[14.445931,55.575888],[14.433939,55.564991],[14.389321,55.522289],[14.35136,55.486732],[14.335604,55.472841],[14.321438,55.459429],[14.301622,55.441545],[14.287043,55.42681],[14.263742,55.404453],[14.236515,55.37895],[14.207402,55.352406],[14.205991,55.35197],[14.203422,55.352144],[14.198365,55.351904],[14.155786,55.344881],[14.150828,55.344507],[14.14657,55.344856],[14.129844,55.345106],[14.083259,55.344712],[14.04687,55.345337],[14.003806,55.345009],[13.914454,55.346453]],[[13.913637,55.346494],[13.898744,55.346673],[13.848682,55.346478],[13.821105,55.346913],[13.752207,55.344231],[13.723148,55.342567],[13.658247,55.337483],[13.633194,55.336848],[13.630751,55.336352],[13.630122,55.335287],[13.629754,55.335594],[13.630113,55.335512],[13.629834,55.335225],[13.626583,55.334795],[13.585918,55.331989],[13.574249,55.331579],[13.550642,55.331144],[13.500419,55.331467],[13.454095,55.330473],[13.412154,55.331165],[13.366414,55.330171],[13.345017,55.329198],[13.309499,55.330381],[13.285084,55.33182],[13.281724,55.332235],[13.260471,55.337493],[13.248533,55.341349],[13.241337,55.344042],[13.227306,55.350676],[13.227001,55.3511]]]}},{"type":"Feature","properties":{"name":"Gislövs Läge – Gedser","source":"2023/sweden-to-germany-delivery/2023.05.20 Gislövs Läge – Gedser.gpx","year":"2023","voyage_id":"2023/sweden-to-germany-delivery","voyage_title":"Delivery from Sweden to Germany","start":"2023-05-20T07:09:19Z","end":"2023-05-20T18:23:15Z","distance_nm":69.35,"duration_hours":11.23,"day_marks":[{"time":"2023-05-20T12:00:00Z","coordinates":[12.68755,55.006076],"distance_nm":28.62}],"segment_count":1,"original_points":40437,"simplified_points":106,"tolerance_m":20.0},"geometry":{"type":"LineString","coordinates":[[13.22869,55.355527],[13.228501,55.354043],[13.226902,55.352626],[13.227001,55.351346],[13.226489,55.350793],[13.177694,55.325685],[13.174568,55.323216],[13.147449,55.306879],[13.133822,55.297444],[13.099562,55.275789],[13.014522,55.220208],[12.936147,55.171582],[12.928098,55.165942],[12.916474,55.158778],[12.898284,55.146669],[12.874031,55.132029],[12.850379,55.116344],[12.832216,55.103501],[12.824113,55.097253],[12.818221,55.093544],[12.811618,55.088459],[12.795288,55.077328],[12.767279,55.058486],[12.762869,55.055738],[12.760767,55.054985],[12.749457,55.047136],[12.723219,55.03022],[12.713266,55.023305],[12.701292,55.014164],[12.700007,55.013498],[12.698893,55.013431],[12.693539,55.009508],[12.668971,54.994668],[12.660887,54.990412],[12.651383,54.984518],[12.639741,54.97821],[12.629384,54.971545],[12.617455,54.964651],[12.612065,54.961022],[12.607574,54.95882],[12.593848,54.950766],[12.571239,54.938651],[12.55789,54.931891],[12.531032,54.917001],[12.524537,54.912794],[12.507712,54.903638],[12.501757,54.899455],[12.487959,54.89127],[12.469356,54.879064],[12.445165,54.864828],[12.378549,54.82777],[12.362496,54.819897],[12.34966,54.811955],[12.341045,54.8074],[12.324283,54.796907],[12.306551,54.78637],[12.300254,54.781661],[12.295574,54.778722],[12.281786,54.767609],[12.271411,54.760518],[12.252403,54.745711],[12.237114,54.732244],[12.227503,54.721929],[12.226676,54.720203],[12.219769,54.714571],[12.216687,54.71092],[12.200689,54.697743],[12.193674,54.691328],[12.190431,54.687841],[12.187206,54.685286],[12.174873,54.676557],[12.168198,54.672361],[12.16059,54.668259],[12.142525,54.657516],[12.138411,54.654459],[12.120131,54.642905],[12.101285,54.631791],[12.079906,54.617243],[12.063683,54.607399],[12.05409,54.601126],[12.044829,54.594393],[12.039232,54.591252],[12.033537,54.587209],[12.015787,54.57609],[12.011943,54.573063],[12.004235,54.568758],[12.000409,54.566028],[11.996142,54.563679],[11.979236,54.552715],[11.978176,54.55235],[11.976739,54.552637],[11.975715,54.55331],[11.969822,54.555493],[11.967478,54.556981],[11.960965,54.559503],[11.956474,54.56181],[11.9513,54.562943],[11.9475,54.563178],[11.938328,54.566649],[11.926741,54.56964],[11.924729,54.570423],[11.921531,54.572526],[11.917237,54.573575],[11.91544,54.575161],[11.915135,54.578605],[11.917785,54.580359]]}},{"type":"Feature","properties":{"name":"Gedser – Am Stau","source":"2023/sweden-to-germany-delivery/2023.05.21 Gedser – Am Stau.gpx","year":"2023","voyage_id":"2023/sweden-to-germany-delivery","voyage_title":"Delivery from Sweden to Germany","start":"2023-05-21T08:17:21Z","end":"2023-05-21T18:32:05Z","distance_nm":61.69,"duration_hours":10.25,"day_marks":[{"time":"2023-05-21T12:00:00Z","coordinates":[11.524025,54.307173],"distance_nm":23.49}],"segment_count":1,"original_points":36885,"simplified_points":114,"tolerance_m":20.0},"geometry":{"type":"LineString","coordinates":[[11.920372,54.580484],[11.919986,54.580938],[11.919402,54.580907],[11.915665,54.579148],[11.915099,54.575568],[11.917425,54.573423],[11.922528,54.5719],[11.925699,54.569963],[11.926292,54.569113],[11.929561,54.560312],[11.933002,54.548318],[11.933684,54.54378],[11.935014,54.540338],[11.93487,54.539288],[11.92683,54.534096],[11.916536,54.528909],[11.911102,54.525753],[11.889184,54.515035],[11.859819,54.503034],[11.849767,54.498579],[11.834056,54.488006],[11.829798,54.484648],[11.816315,54.475887],[11.812273,54.472711],[11.800721,54.465072],[11.79746,54.462534],[11.786331,54.455861],[11.779962,54.451517],[11.779719,54.450946],[11.771194,54.446041],[11.757298,54.436104],[11.753858,54.432119],[11.745647,54.426148],[11.732838,54.417594],[11.730368,54.415268],[11.727143,54.413172],[11.724214,54.410615],[11.714226,54.4045],[11.708755,54.400443],[11.699664,54.395674],[11.668332,54.383779],[11.657311,54.379012],[11.650008,54.375457],[11.643863,54.372059],[11.631548,54.366126],[11.619718,54.359894],[11.617337,54.358273],[11.611382,54.355104],[11.596749,54.34548],[11.589275,54.341423],[11.557395,54.324703],[11.54976,54.321211],[11.530177,54.310088],[11.497956,54.294379],[11.487967,54.288289],[11.475454,54.281887],[11.471717,54.279411],[11.441265,54.2649],[11.409062,54.251584],[11.405613,54.248722],[11.400968,54.245908],[11.397052,54.244166],[11.388384,54.239521],[11.380802,54.235011],[11.370939,54.230022],[11.360537,54.223959],[11.341134,54.214267],[11.328414,54.207391],[11.323213,54.204078],[11.303478,54.192818],[11.293911,54.186227],[11.279602,54.175331],[11.246482,54.15665],[11.240751,54.152922],[11.2216,54.141742],[11.197778,54.128755],[11.17815,54.119089],[11.162897,54.110713],[11.155819,54.1063],[11.150214,54.103365],[11.144348,54.099416],[11.139039,54.096523],[11.112396,54.08406],[11.084837,54.069359],[11.074237,54.064218],[11.069701,54.061021],[11.041791,54.046618],[10.988469,54.020791],[10.96188,54.008946],[10.953041,54.002496],[10.945837,53.998696],[10.935462,53.99055],[10.918287,53.978717],[10.895129,53.964455],[10.892542,53.96302],[10.885158,53.960239],[10.881763,53.959312],[10.873795,53.957844],[10.864641,53.952885],[10.862144,53.949791],[10.861902,53.947666],[10.865432,53.938524],[10.870175,53.930425],[10.871181,53.927514],[10.871459,53.92217],[10.868899,53.917636],[10.863788,53.913892],[10.857518,53.910795],[10.845499,53.906053],[10.832905,53.89973],[10.826644,53.897634],[10.812694,53.89451],[10.802867,53.894265],[10.778865,53.895003]]}},{"type":"Feature","properties":{"name":"Kiel – Sønderborg","source":"2024/danish-south-sea-sailing/2024.08.26 - Kiel - SØnderborg.gpx","year":"2024","voyage_id":"2024/danish-south-sea-sailing","voyage_title":"Danish South Sea","start":"2024-08-26T05:15:46Z","end":"2024-08-26T12:18:04Z","distance_nm":39.61,"duration_hours":7.04,"day_marks":[{"time":"2024-08-26T12:00:00Z","coordinates":[9.790954,54.896131],"distance_nm":39.03}],"segment_count":1,"original_points":25339,"simplified_points":96,"tolerance_m":20.0},"geometry":{"type":"LineString","coordinates":[[10.176432,54.363404],[10.178049,54.365486],[10.193014,54.380475],[10.195843,54.384728],[10.199248,54.388529],[10.203766,54.39515],[10.205257,54.398672],[10.208258,54.401811],[10.21062,54.406318],[10.21504,54.412444],[10.215165,54.414278],[10.221741,54.420077],[10.226807,54.423513],[10.233032,54.429327],[10.235799,54.43557],[10.237649,54.437994],[10.245303,54.451035],[10.247171,54.45449],[10.24727,54.455699],[10.246012,54.457939],[10.241674,54.470775],[10.239401,54.475432],[10.223933,54.493811],[10.193724,54.536833],[10.179288,54.55968],[10.173171,54.570349],[10.168527,54.577077],[10.156427,54.599394],[10.147821,54.613755],[10.142414,54.623936],[10.140051,54.627163],[10.137392,54.632385],[10.131203,54.641587],[10.126622,54.649797],[10.120424,54.65937],[10.114325,54.667806],[10.106465,54.681788],[10.101991,54.688632],[10.102063,54.689444],[10.09759,54.692243],[10.088382,54.702301],[10.067336,54.722896],[10.065871,54.724648],[10.065018,54.727056],[10.063545,54.728865],[10.051202,54.741782],[10.045489,54.748855],[10.037638,54.757396],[10.03365,54.760129],[10.018828,54.771914],[10.008561,54.780871],[10.004582,54.783286],[10.004061,54.78422],[10.000863,54.786832],[9.998887,54.787408],[9.982879,54.79441],[9.972675,54.798256],[9.969279,54.799927],[9.962381,54.804167],[9.961258,54.805428],[9.958105,54.807353],[9.947981,54.812899],[9.934723,54.81956],[9.930896,54.821894],[9.927779,54.823222],[9.920772,54.82719],[9.902151,54.838945],[9.89465,54.842735],[9.891165,54.845254],[9.875795,54.852951],[9.867989,54.857533],[9.861881,54.861611],[9.854946,54.865036],[9.845245,54.870672],[9.836388,54.875324],[9.827279,54.879592],[9.819231,54.882327],[9.814506,54.884466],[9.807894,54.886889],[9.80431,54.887961],[9.801058,54.889525],[9.795193,54.891374],[9.794869,54.891845],[9.795929,54.892766],[9.795768,54.893082],[9.796864,54.892963],[9.79575,54.892187],[9.795848,54.891488],[9.793737,54.893574],[9.791788,54.894832],[9.791258,54.895888],[9.789363,54.897638],[9.789543,54.897959],[9.790908,54.898141],[9.792067,54.897695],[9.793675,54.898565]]}},{"type":"Feature","properties":{"name":"Sønderborg – Faaborg Erhvervshavn","source":"2024/danish-south-sea-sailing/2024.08.27 SØnderborg - Faaborg Erhvervshavn.gpx","year":"2024","voyage_id":"2024/danish-south-sea-sailing","voyage_title":"Danish South Sea","start":"2024-08-27T04:40:29Z","end":"2024-08-27T11:46:09Z","distance_nm":29.79,"duration_hours":7.09,"day_marks":[],"segment_count":1,"original_points":25541,"simplified_points":87,"tolerance_m":20.0},"geometry":{"type":"LineString","coordinates":[[9.790108,54.898762],[9.789435,54.898798],[9.788366,54.897602],[9.788312,54.89592],[9.785904,54.891819],[9.783057,54.889396],[9.78321,54.888132],[9.782257,54.886061],[9.78391,54.884673],[9.78365,54.884057],[9.784755,54.883213],[9.79213,54.880758],[9.795157,54.880126],[9.809466,54.875842],[9.812547,54.875319],[9.828546,54.871154],[9.830594,54.87088],[9.838714,54.868517],[9.840089,54.868585],[9.846952,54.866906],[9.849036,54.866834],[9.851587,54.865854],[9.854219,54.865673],[9.85571,54.865067],[9.859321,54.864372],[9.877394,54.857066],[9.881733,54.854947],[9.887922,54.851044],[9.892827,54.849017],[9.898998,54.847353],[9.90207,54.84683],[9.905034,54.845477],[9.907118,54.845223],[9.908601,54.84457],[9.917215,54.842662],[9.935558,54.841547],[9.94146,54.841407],[9.944909,54.841801],[9.949868,54.841392],[9.956102,54.841371],[9.960009,54.840967],[9.96177,54.841247],[9.977274,54.840085],[9.98393,54.840288],[9.985718,54.8398],[9.987874,54.839878],[9.990631,54.839422],[9.996398,54.839582],[10.044888,54.850681],[10.077369,54.858833],[10.093098,54.861647],[10.113597,54.883451],[10.119067,54.886175],[10.126981,54.888862],[10.14227,54.898529],[10.155807,54.908467],[10.156436,54.925507],[10.159742,54.94665],[10.16143,54.961183],[10.162481,54.97633],[10.162643,54.988393],[10.163847,54.989033],[10.165419,54.990583],[10.171482,55.000219],[10.18245,55.015295],[10.20956,55.040786],[10.211033,55.043154],[10.21574,55.047708],[10.216989,55.049508],[10.218768,55.055047],[10.219495,55.055083],[10.218435,55.055186],[10.218795,55.054227],[10.218498,55.053701],[10.218795,55.054423],[10.220295,55.055258],[10.222271,55.0581],[10.225882,55.061332],[10.22864,55.065153],[10.230778,55.069901],[10.234613,55.073607],[10.236122,55.092081],[10.238512,55.093085],[10.238449,55.093621],[10.239644,55.094929],[10.238943,55.094821],[10.23888,55.095099]]}},{"type":"Feature","properties":{"name":"Fåborg – Ærøskøbing","source":"2024/danish-south-sea-sailing/2024.08.28 Fåborg - Ærøskøbing.gpx","year":"2024","voyage_id":"2024/danish-south-sea-sailing","voyage_title":"Danish South Sea","start":"2024-08-28T05:50:19Z","end":"2024-08-28T12:44:17Z","distance_nm":28.2,"duration_hours":6.9,"day_marks":[{"time":"2024-08-28T12:00:00Z","coordinates":[10.415887,54.894827],"distance_nm":27.27}],"segment_count":1,"original_points":24839,"simplified_points":99,"tolerance_m":20.0},"geometry":{"type":"LineString","coordinates":[[10.23773,55.092828],[10.236769,55.091905],[10.237497,55.090803],[10.238323,55.090442],[10.237281,55.089834],[10.241647,55.08817],[10.244306,55.086124],[10.245806,55.08581],[10.24612,55.085161],[10.244,55.082492],[10.238557,55.078178],[10.23093,55.070937],[10.228586,55.066653],[10.226708,55.060502],[10.224382,55.057316],[10.222747,55.052613],[10.220492,55.04432],[10.2176,55.036226],[10.216504,55.031231],[10.211986,55.005119],[10.210036,54.990696],[10.209129,54.987168],[10.209416,54.985112],[10.208186,54.974278],[10.208824,54.974165],[10.208168,54.973658],[10.218597,54.977782],[10.237066,54.986626],[10.240461,54.98786],[10.244755,54.990071],[10.248932,54.993093],[10.251618,54.994265],[10.259388,54.996145],[10.261041,54.996909],[10.267526,54.998546],[10.275745,55.00134],[10.290863,55.00403],[10.294322,55.004934],[10.304643,55.008455],[10.303889,55.008233],[10.303574,55.00766],[10.303556,55.005357],[10.301831,55.002156],[10.300691,54.997901],[10.299676,54.991063],[10.299244,54.983702],[10.300781,54.965168],[10.302236,54.960314],[10.301481,54.958298],[10.302963,54.953827],[10.302451,54.945115],[10.303269,54.934135],[10.304086,54.931001],[10.304212,54.931259],[10.303457,54.93157],[10.291591,54.936018],[10.292067,54.937616],[10.295373,54.939007],[10.300286,54.942245],[10.303637,54.9439],[10.304077,54.94452],[10.31023,54.947276],[10.31818,54.951805],[10.326624,54.955734],[10.32825,54.957022],[10.336766,54.959999],[10.339442,54.961622],[10.347096,54.964873],[10.348057,54.962397],[10.347644,54.961782],[10.348973,54.959792],[10.359923,54.947338],[10.362061,54.944231],[10.364549,54.93847],[10.368655,54.932439],[10.371062,54.925962],[10.374323,54.920866],[10.379146,54.92381],[10.386521,54.927349],[10.395235,54.930753],[10.407846,54.935097],[10.411359,54.937115],[10.412482,54.937358],[10.413003,54.933303],[10.418761,54.91846],[10.418419,54.911956],[10.419425,54.904968],[10.419102,54.902344],[10.416928,54.89885],[10.416712,54.894936],[10.415617,54.894661],[10.417117,54.894004],[10.416479,54.894092],[10.415688,54.895516],[10.415158,54.895707],[10.414386,54.895257],[10.410505,54.894258],[10.410757,54.893538],[10.411215,54.893424]]}},{"type":"Feature","properties":{"name":"Ærøskøbing – Bagenkop","source":"2024/danish-south-sea-sailing/2024.08.29 Ærøskøbing – Bagenkop.gpx","year":"2024","voyage_id":"2024/danish-south-sea-sailing","voyage_title":"Danish South Sea","start":"2024-08-29T05:43:56Z","end":"2024-08-29T14:01:51Z","distance_nm":24.39,"duration_hours":8.3,"day_marks":[{"time":"2024-08-29T12:00:00Z","coordinates":[10.579193,54.788186],"distance_nm":18.67}],"segment_count":1,"original_points":29875,"simplified_points":97,"tolerance_m":20.0},"geometry":{"type":"LineString","coordinates":[[10.41064,54.893963],[10.411035,54.894537],[10.414485,54.895127],[10.415895,54.895656],[10.416793,54.896976],[10.41726,54.899228],[10.419129,54.901925],[10.419542,54.903602],[10.421536,54.905284],[10.422956,54.905719],[10.42601,54.908359],[10.427941,54.910807],[10.437669,54.919423],[10.438855,54.920111],[10.439187,54.921187],[10.444218,54.925197],[10.44967,54.928575],[10.456946,54.929801],[10.468471,54.931094],[10.473322,54.931337],[10.479475,54.930499],[10.479305,54.930706],[10.480176,54.931109],[10.488404,54.928518],[10.49312,54.926609],[10.501286,54.921637],[10.521748,54.911831],[10.523787,54.910481],[10.5273,54.906744],[10.535187,54.902862],[10.539831,54.899647],[10.538699,54.897286],[10.534073,54.891778],[10.529231,54.884632],[10.524371,54.875827],[10.521829,54.870051],[10.522018,54.868113],[10.521398,54.864642],[10.521659,54.859103],[10.522314,54.857709],[10.524219,54.856734],[10.527102,54.85617],[10.529905,54.855014],[10.540675,54.847426],[10.540918,54.824467],[10.540675,54.823803],[10.537235,54.823466],[10.538178,54.823388],[10.538393,54.823627],[10.537414,54.824653],[10.537468,54.825317],[10.53922,54.826453],[10.540415,54.826785],[10.550556,54.82678],[10.56589,54.823471],[10.565513,54.823725],[10.566231,54.823948],[10.573292,54.823637],[10.576786,54.824171],[10.586658,54.824503],[10.590817,54.825312],[10.588886,54.823943],[10.58567,54.820546],[10.575124,54.807213],[10.555721,54.792734],[10.549909,54.789017],[10.553449,54.788789],[10.560437,54.789079],[10.577523,54.788238],[10.584835,54.78814],[10.586254,54.788726],[10.589003,54.789033],[10.599566,54.789152],[10.602917,54.790336],[10.606169,54.790201],[10.605791,54.790387],[10.606151,54.79058],[10.607238,54.790471],[10.611783,54.791343],[10.615969,54.791135],[10.621763,54.790123],[10.623703,54.790875],[10.624242,54.792921],[10.626003,54.793922],[10.625724,54.793206],[10.626461,54.792017],[10.630305,54.787242],[10.630305,54.785793],[10.638417,54.779542],[10.644193,54.772854],[10.66144,54.760378],[10.664674,54.757339],[10.66921,54.754248],[10.670989,54.752201],[10.673198,54.751505],[10.673171,54.751957],[10.673612,54.75177]]}},{"type":"Feature","properties":{"name":"Bagenkop – Grömitz","source":"2024/danish-south-sea-sailing/2024.08.30 Bangekop – Grömitz.gpx","year":"2024","voyage_id":"2024/danish-south-sea-sailing","voyage_title":"Danish South Sea","start":"2024-08-30T03:58:26Z","end":"2024-08-30T15:39:35Z","distance_nm":49.79,"duration_hours":11.69,"day_marks":[{"time":"2024-08-30T12:00:00Z","coordinates":[11.156697,54.315404],"distance_nm":35.66}],"segment_count":1,"original_points":42047,"simplified_points":174,"tolerance_m":20.0},"geometry":{"type":"LineString","coordinates":[[10.672731,54.751957],[10.671851,54.751853],[10.670953,54.752185],[10.6708,54.752694],[10.669623,54.753458],[10.668581,54.753339],[10.665895,54.751167],[10.664207,54.748782],[10.662976,54.745742],[10.663272,54.739365],[10.664521,54.734022],[10.667863,54.728397],[10.669569,54.724435],[10.683205,54.712085],[10.686628,54.709661],[10.690544,54.705203],[10.694371,54.702431],[10.697003,54.69857],[10.698997,54.697577],[10.702797,54.693643],[10.708573,54.688585],[10.717115,54.678676],[10.718759,54.677234],[10.725433,54.669159],[10.730994,54.661474],[10.737048,54.65511],[10.738378,54.654203],[10.74109,54.650734],[10.744055,54.648317],[10.747441,54.644317],[10.749004,54.639133],[10.748681,54.63857],[10.749381,54.637132],[10.749399,54.63536],[10.751322,54.63191],[10.755867,54.628153],[10.760915,54.62501],[10.762667,54.624447],[10.768371,54.621054],[10.770913,54.618552],[10.774372,54.616174],[10.775315,54.615001],[10.783148,54.610033],[10.78648,54.608468],[10.79902,54.600192],[10.801365,54.598038],[10.8113,54.591711],[10.822546,54.582013],[10.824774,54.57955],[10.834574,54.57226],[10.838527,54.566555],[10.843692,54.560839],[10.84804,54.556981],[10.849082,54.555383],[10.853097,54.55235],[10.853923,54.551002],[10.856843,54.548846],[10.857795,54.547331],[10.864253,54.541863],[10.868134,54.538019],[10.871404,54.535669],[10.873362,54.533287],[10.873245,54.532498],[10.876353,54.529269],[10.877485,54.527263],[10.878446,54.526782],[10.879731,54.525178],[10.886136,54.52024],[10.89634,54.511465],[10.899816,54.507786],[10.902385,54.504304],[10.909203,54.498422],[10.913317,54.496232],[10.91745,54.493246],[10.925507,54.485783],[10.936996,54.477231],[10.942269,54.47258],[10.948611,54.467919],[10.950569,54.465951],[10.955707,54.46256],[10.962678,54.457107],[10.965777,54.452988],[10.968607,54.451308],[10.976997,54.443581],[10.984506,54.437842],[10.989986,54.434402],[10.990911,54.433061],[10.992824,54.432454],[10.993282,54.431867],[10.995348,54.430909],[11.001906,54.429196],[11.004017,54.428065],[11.006523,54.427316],[11.008481,54.425739],[11.012739,54.424734],[11.017042,54.422874],[11.02827,54.419579],[11.043586,54.415587],[11.096477,54.403389],[11.112906,54.400842],[11.120236,54.399065],[11.126928,54.396848],[11.147733,54.387931],[11.151676,54.382956],[11.154829,54.381393],[11.155727,54.378855],[11.157479,54.376957],[11.16224,54.375237],[11.16771,54.371922],[11.168195,54.370606],[11.168079,54.367606],[11.169246,54.36322],[11.168636,54.357717],[11.169103,54.357009],[11.168995,54.356054],[11.167414,54.350518],[11.166641,54.349322],[11.166219,54.346672],[11.163488,54.340463],[11.162258,54.33461],[11.162824,54.333429],[11.162222,54.330668],[11.159958,54.325706],[11.159734,54.323558],[11.157515,54.320208],[11.157775,54.318412],[11.153688,54.304357],[11.14961,54.294185],[11.142172,54.279527],[11.141777,54.277897],[11.140852,54.276993],[11.1406,54.274722],[11.1346,54.264348],[11.130432,54.253825],[11.12824,54.251947],[11.125276,54.246923],[11.122976,54.241736],[11.122069,54.238147],[11.117407,54.229301],[11.115251,54.226275],[11.104498,54.204015],[11.100151,54.199381],[11.098103,54.196547],[11.092866,54.193134],[11.091743,54.191243],[11.087081,54.187097],[11.086407,54.185637],[11.083029,54.182476],[11.082994,54.181196],[11.081673,54.180036],[11.081475,54.179162],[11.079796,54.177807],[11.076203,54.175589],[11.0711,54.17327],[11.064193,54.171151],[11.05291,54.165332],[11.04929,54.163182],[11.046991,54.160704],[11.043478,54.159244],[11.040703,54.156866],[11.037379,54.154878],[11.03172,54.152242],[11.026465,54.150481],[11.021695,54.148198],[11.012937,54.145993],[11.004843,54.145134],[10.994172,54.145645],[10.992483,54.145081],[10.990453,54.143409],[10.987515,54.142391],[10.985521,54.145054],[10.986168,54.147201],[10.984174,54.147111],[10.98421,54.146774]]}},{"type":"Feature","properties":{"name":"Grömitz – Lübeck","source":"2024/danish-south-sea-sailing/2024.08.31 Grömitz – Lübeck .gpx","year":"2024","voyage_id":"2024/danish-south-sea-sailing","voyage_title":"Danish South Sea","start":"2024-08-30T21:06:23Z","end":"2024-08-31T02:03:34Z","distance_nm":20.04,"duration_hours":4.95,"day_marks":[],"segment_count":1,"original_points":17832,"simplified_points":45,"tolerance_m":20.0},"geometry":{"type":"LineString","coordinates":[[10.986716,54.14613],[10.988512,54.146236],[10.992968,54.145097],[10.993309,54.144021],[10.992339,54.143008],[10.992213,54.141874],[10.986455,54.131214],[10.984865,54.129394],[10.970206,54.101005],[10.965319,54.092748],[10.959471,54.079914],[10.932083,54.027006],[10.929073,54.019289],[10.927438,54.01676],[10.925139,54.010713],[10.920719,54.002718],[10.917387,53.994499],[10.907407,53.979421],[10.897229,53.967909],[10.893115,53.96392],[10.888525,53.96115],[10.883306,53.959375],[10.878321,53.958469],[10.872572,53.956785],[10.869688,53.955529],[10.869437,53.955725],[10.869463,53.955275],[10.866113,53.95324],[10.86296,53.949372],[10.862663,53.94809],[10.863122,53.945122],[10.867101,53.937236],[10.869266,53.932026],[10.870865,53.92664],[10.87073,53.921481],[10.868053,53.91726],[10.863131,53.913675],[10.834943,53.901751],[10.827253,53.898154],[10.814345,53.895252],[10.812027,53.894945],[10.796918,53.894992],[10.77068,53.896404],[10.768676,53.896934],[10.768075,53.896584]]}},{"type":"Feature","properties":{"name":"Diesel Fall","source":"2024/day-sails/2024.05.18 Diesel Fall .gpx","year":"2024","voyage_id":"2024/day-sails","voyage_title":"Day sails and training","start":"2024-05-18T10:23:29Z","end":"2024-05-18T13:39:10Z","distance_nm":13.4,"duration_hours":3.26,"day_marks":[{"time":"2024-05-18T12:00:00Z","coordinates":[10.871458,53.955312],"distance_nm":6.83}],"segment_count":1,"original_points":11742,"simplified_points":59,"tolerance_m":20.0},"geometry":{"type":"LineString","coordinates":[[10.770087,53.896648],[10.772189,53.896085],[10.784531,53.894541],[10.799137,53.89443],[10.809917,53.893926],[10.812279,53.893936],[10.817193,53.894541],[10.820867,53.895518],[10.825439,53.89626],[10.840341,53.901401],[10.846108,53.904791],[10.861379,53.91175],[10.86172,53.911543],[10.861271,53.91166],[10.862187,53.912291],[10.861298,53.912545],[10.861271,53.912206],[10.861981,53.912057],[10.864253,53.913097],[10.869751,53.917111],[10.870946,53.918591],[10.872131,53.921497],[10.870811,53.931565],[10.866436,53.937729],[10.863741,53.942377],[10.86208,53.946876],[10.862726,53.949696],[10.863912,53.951248],[10.868089,53.954263],[10.870038,53.955291],[10.871467,53.955317],[10.871018,53.955556],[10.871521,53.955344],[10.870083,53.955608],[10.869104,53.95546],[10.865295,53.953399],[10.862583,53.9511],[10.861505,53.948927],[10.862592,53.943904],[10.865745,53.936886],[10.869481,53.930674],[10.870973,53.925585],[10.870488,53.920675],[10.86941,53.918729],[10.867119,53.916125],[10.861918,53.912784],[10.857885,53.910986],[10.847321,53.907231],[10.8415,53.903666],[10.830074,53.898823],[10.826822,53.897735],[10.817202,53.895459],[10.80883,53.894754],[10.801778,53.894759],[10.798005,53.895274],[10.789355,53.895656],[10.786409,53.895125],[10.77968,53.895003],[10.772117,53.896016]]}},{"type":"Feature","properties":{"name":"Weak wind sailing","source":"2024/day-sails/2024.05.31 Weak wind sailing.gpx","year":"2024","voyage_id":"2024/day-sails","voyage_title":"Day sails and training","start":"2024-05-31T14:34:00Z","end":"2024-05-31T21:03:45Z","distance_nm":18.6,"duration_hours":6.5,"day_marks":[],"segment_count":1,"original_points":38,"simplified_points":38,"tolerance_m":20.0},"geometry":{"type":"LineString","coordinates":[[10.771986,53.896083],[10.786878,53.894451],[10.808766,53.894076],[10.828678,53.897595],[10.845523,53.904355],[10.861358,53.911553],[10.871895,53.920963],[10.86962,53.932013],[10.86344,53.944576],[10.870886,53.955725],[10.891485,53.961443],[10.910883,53.963095],[10.916226,53.966668],[10.91481,53.974831],[10.919873,53.976108],[10.9135,53.981826],[10.900518,53.983426],[10.894103,53.979681],[10.894853,53.97407],[10.894468,53.968213],[10.897065,53.961431],[10.884405,53.960283],[10.876851,53.958835],[10.870715,53.956958],[10.86359,53.952935],[10.86241,53.944931],[10.86505,53.940531],[10.868461,53.932066],[10.870585,53.920705],[10.859921,53.912905],[10.848311,53.907348],[10.838185,53.903153],[10.830545,53.898818],[10.820718,53.8962],[10.81132,53.89486],[10.801878,53.894785],[10.781986,53.895063],[10.768081,53.896598]]}},{"type":"Feature","properties":{"name":"Trave river sailing training with Bft4-6","source":"2024/day-sails/2024.06.08 Trave river sailing training with Bft4-6.gpx","year":"2024","voyage_id":"2024/day-sails","voyage_title":"Day sails and training","start":"2024-06-08T10:36:14Z","end":"2024-06-08T13:09:58Z","distance_nm":10.25,"duration_hours":2.56,"day_marks":[{"time":"2024-06-08T12:00:00Z","coordinates":[10.860805,53.912932],"distance_nm":6.3}],"segment_count":1,"original_points":9225,"simplified_points":46,"tolerance_m":20.0},"geometry":{"type":"LineString","coordinates":[[10.769674,53.896695],[10.773976,53.895916],[10.780192,53.895353],[10.79717,53.894812],[10.809396,53.893294],[10.812468,53.893454],[10.824855,53.895656],[10.840907,53.902006],[10.853097,53.908117],[10.85872,53.909851],[10.86808,53.914386],[10.870973,53.917451],[10.873075,53.921963],[10.872859,53.924969],[10.872374,53.925478],[10.870182,53.926253],[10.869212,53.929651],[10.86843,53.930017],[10.86941,53.928294],[10.869634,53.924503],[10.870407,53.921581],[10.86888,53.917949],[10.868026,53.917286],[10.867703,53.916342],[10.865978,53.915908],[10.865547,53.91517],[10.863957,53.914163],[10.861648,53.913542],[10.86031,53.912614],[10.855019,53.910838],[10.853285,53.909761],[10.853735,53.909549],[10.854624,53.909809],[10.854417,53.910164],[10.852648,53.909146],[10.844698,53.906838],[10.840332,53.904069],[10.826355,53.897963],[10.814507,53.895332],[10.811866,53.89512],[10.79973,53.895252],[10.787774,53.895889],[10.774246,53.895847],[10.770248,53.896345],[10.768766,53.896966],[10.768084,53.896589]]}},{"type":"Feature","properties":{"name":"midnight sailing","source":"2024/day-sails/2024.06.14 midnight sailing .gpx","year":"2024","voyage_id":"2024/day-sails","voyage_title":"Day sails and training","start":"2024-06-14T16:55:31Z","end":"2024-06-14T23:58:50Z","distance_nm":22.32,"duration_hours":7.06,"day_marks":[],"segment_count":1,"original_points":25400,"simplified_points":99,"tolerance_m":20.0},"geometry":{"type":"LineString","coordinates":[[10.770922,53.896626],[10.778333,53.896122],[10.78348,53.895263],[10.803862,53.895183],[10.812486,53.894393],[10.826795,53.896833],[10.829966,53.897682],[10.837251,53.901465],[10.854552,53.90904],[10.860705,53.912338],[10.867065,53.914327],[10.871916,53.919185],[10.872751,53.921937],[10.872805,53.925314],[10.870272,53.93007],[10.868871,53.93413],[10.864523,53.941047],[10.862196,53.945965],[10.862044,53.947512],[10.862601,53.949764],[10.863723,53.951455],[10.863795,53.952986],[10.864244,53.953187],[10.864703,53.953023],[10.864981,53.953457],[10.86888,53.955169],[10.873443,53.956763],[10.889801,53.961176],[10.897059,53.964752],[10.906778,53.971754],[10.91197,53.972034],[10.915428,53.972871],[10.919156,53.97258],[10.920755,53.973067],[10.920881,53.974078],[10.920028,53.975847],[10.920243,53.976986],[10.919273,53.979278],[10.919498,53.980983],[10.922112,53.981995],[10.922246,53.982821],[10.924411,53.983181],[10.930376,53.986055],[10.93272,53.986505],[10.934104,53.987485],[10.938002,53.988861],[10.940068,53.990338],[10.941209,53.992011],[10.946374,53.995631],[10.946805,53.996912],[10.946275,53.997574],[10.945485,53.997685],[10.94447,53.99732],[10.938317,53.994726],[10.931957,53.991397],[10.924627,53.988713],[10.918015,53.985817],[10.914018,53.98236],[10.916938,53.982445],[10.920315,53.981852],[10.916129,53.979501],[10.91232,53.97671],[10.909958,53.973983],[10.906796,53.971425],[10.890932,53.962564],[10.889495,53.961849],[10.88292,53.959963],[10.88053,53.959682],[10.877503,53.958766],[10.872688,53.95794],[10.871494,53.957346],[10.87161,53.956838],[10.866445,53.954003],[10.865134,53.952938],[10.862816,53.949854],[10.862637,53.946876],[10.864792,53.939764],[10.869005,53.931193],[10.870811,53.925134],[10.870577,53.92138],[10.869975,53.91998],[10.867191,53.916544],[10.861783,53.91324],[10.852127,53.908965],[10.84433,53.906064],[10.83991,53.903624],[10.837233,53.901645],[10.839344,53.902595],[10.839147,53.902791],[10.837736,53.902075],[10.836281,53.901226],[10.836506,53.90103],[10.836874,53.90146],[10.833433,53.90008],[10.824523,53.897268],[10.814561,53.895157],[10.789202,53.894791],[10.781684,53.895173],[10.768021,53.896595]]}},{"type":"Feature","properties":{"name":"A cup of tea in Neustadt","source":"2024/day-sails/2024.06.21 A cup of tea in neu stadt .gpx","year":"2024","voyage_id":"2024/day-sails","voyage_title":"Day sails and training","start":"2024-06-21T08:05:58Z","end":"2024-06-21T20:57:30Z","distance_nm":42.0,"duration_hours":12.86,"day_marks":[{"time":"2024-06-21T12:00:00Z","coordinates":[10.897849,53.980104],"distance_nm":14.4}],"segment_count":1,"original_points":34938,"simplified_points":172,"tolerance_m":20.0},"geometry":{"type":"LineString","coordinates":[[10.770662,53.896329],[10.779097,53.895072],[10.780929,53.894239],[10.783588,53.893544],[10.783669,53.895868],[10.78675,53.895045],[10.788969,53.894074],[10.789561,53.896626],[10.794277,53.894637],[10.795346,53.895422],[10.79726,53.89443],[10.798365,53.895279],[10.798823,53.894823],[10.800413,53.894287],[10.801266,53.895067],[10.805748,53.891984],[10.809144,53.890641],[10.811803,53.894732],[10.814058,53.89417],[10.816564,53.894005],[10.817058,53.895942],[10.823319,53.894557],[10.82322,53.896982],[10.825407,53.891355],[10.823283,53.896977],[10.820711,53.885824],[10.823319,53.896971],[10.830424,53.895772],[10.829876,53.899555],[10.836416,53.898192],[10.835994,53.899619],[10.836155,53.901746],[10.845991,53.899083],[10.844482,53.902101],[10.84388,53.907093],[10.852693,53.905661],[10.852217,53.907093],[10.852225,53.909639],[10.856618,53.90896],[10.856115,53.911485],[10.856537,53.911872],[10.858451,53.910594],[10.859537,53.910259],[10.858747,53.912704],[10.860615,53.911951],[10.863077,53.91149],[10.862744,53.912513],[10.863185,53.91692],[10.868951,53.913691],[10.868601,53.914911],[10.869059,53.926634],[10.867838,53.929396],[10.867388,53.932588],[10.866158,53.934687],[10.866508,53.9366],[10.863786,53.941556],[10.862529,53.945859],[10.862655,53.949526],[10.863714,53.951253],[10.865322,53.952663],[10.870074,53.955397],[10.876272,53.957537],[10.891184,53.961367],[10.894328,53.961886],[10.898496,53.962029],[10.901182,53.961669],[10.902242,53.961054],[10.907119,53.960541],[10.906095,53.96089],[10.90164,53.971944],[10.899987,53.973697],[10.89908,53.975386],[10.898128,53.979511],[10.89731,53.981148],[10.895199,53.985076],[10.893609,53.986294],[10.904254,53.983885],[10.92469,53.981121],[10.930196,53.979718],[10.939502,53.978717],[10.947461,53.977309],[10.946015,53.981576],[10.945817,53.986844],[10.947228,53.995256],[10.94668,53.997558],[10.9457,53.998341],[10.94606,54.000273],[10.943913,54.002009],[10.943652,54.003083],[10.942233,54.0042],[10.938101,54.009645],[10.937832,54.010851],[10.936646,54.012465],[10.93537,54.016417],[10.93414,54.018078],[10.933798,54.020622],[10.93281,54.023066],[10.93105,54.024774],[10.930421,54.027429],[10.929073,54.029027],[10.927663,54.031771],[10.921222,54.037963],[10.920082,54.038524],[10.919058,54.040322],[10.917701,54.041204],[10.916381,54.043288],[10.913317,54.046322],[10.911961,54.046999],[10.910811,54.048537],[10.90773,54.051132],[10.905646,54.051714],[10.90499,54.052575],[10.903697,54.053051],[10.901164,54.055408],[10.898846,54.056333],[10.894436,54.059414],[10.888094,54.062865],[10.885049,54.063975],[10.881447,54.066131],[10.879623,54.066548],[10.874458,54.07049],[10.864209,54.076967],[10.85581,54.084346],[10.853806,54.087124],[10.85166,54.086981],[10.849603,54.087673],[10.849073,54.087599],[10.84962,54.087636],[10.848695,54.086696],[10.849369,54.085967],[10.849055,54.085233],[10.850177,54.083458],[10.851731,54.08264],[10.85219,54.08171],[10.85201,54.08087],[10.85351,54.079365],[10.853788,54.078372],[10.857552,54.073617],[10.857489,54.07274],[10.858612,54.071488],[10.859124,54.069074],[10.861029,54.066897],[10.862385,54.064498],[10.867775,54.061031],[10.875419,54.056899],[10.882974,54.053976],[10.884087,54.053167],[10.888974,54.051492],[10.894445,54.048093],[10.895397,54.047036],[10.899125,54.044689],[10.901694,54.041331],[10.903661,54.039957],[10.908233,54.034521],[10.915878,54.028535],[10.919315,54.021943],[10.92159,54.006075],[10.917256,53.993746],[10.913521,53.984993],[10.908308,53.976248],[10.900711,53.969381],[10.891228,53.962483],[10.865971,53.953385],[10.86202,53.948723],[10.865006,53.941068],[10.87065,53.929041],[10.866745,53.916103],[10.848248,53.906843],[10.828421,53.898325],[10.804775,53.895053],[10.780441,53.895406],[10.768125,53.896501]]}},{"type":"Feature","properties":{"name":"Lübeck to Kiel","source":"2024/day-sails/2024.07.26 Lübeck to Kiel.gpx","year":"2024","voyage_id":"2024/day-sails","voyage_title":"Day sails and training","start":"2024-07-26T19:39:30Z","end":"2024-07-27T11:43:15Z","distance_nm":84.3,"duration_hours":16.06,"day_marks":[],"segment_count":1,"original_points":100,"simplified_points":59,"tolerance_m":20.0},"geometry":{"type":"LineString","coordinates":[[10.76819,53.896823],[10.789755,53.894956],[10.809796,53.894023],[10.83237,53.899161],[10.851745,53.907508],[10.868525,53.917283],[10.869791,53.930683],[10.863933,53.943525],[10.870928,53.955863],[10.892471,53.96259],[10.905131,53.973876],[10.91968,53.985711],[10.981971,54.038175],[11.06555,54.105895],[11.093015,54.134551],[11.119623,54.163155],[11.133098,54.178121],[11.145758,54.193163],[11.15269,54.209525],[11.158053,54.226251],[11.164876,54.278748],[11.166873,54.296031],[11.167195,54.313541],[11.170005,54.349011],[11.170541,54.365608],[11.167731,54.38034],[11.132733,54.394641],[11.116361,54.400981],[11.098123,54.403406],[11.07821,54.404146],[11.05877,54.405413],[11.000125,54.434358],[10.979568,54.444005],[10.959355,54.454015],[10.880435,54.494333],[10.863225,54.49178],[10.831811,54.46778],[10.75643,54.405123],[10.742075,54.406368],[10.71667,54.431741],[10.648283,54.497906],[10.621568,54.524846],[10.608673,54.53873],[10.597106,54.53212],[10.576571,54.525993],[10.44774,54.496028],[10.426305,54.491565],[10.334186,54.473701],[10.30979,54.468466],[10.287751,54.460655],[10.267003,54.450698],[10.247648,54.440646],[10.231361,54.429423],[10.218615,54.416925],[10.208851,54.403341],[10.188896,54.376991],[10.17731,54.364256],[10.175185,54.352605],[10.176923,54.353388]]}},{"type":"Feature","properties":{"name":"Lübeck – Grömitz","source":"2024/mecklenburger-bay-sailing/2024.10.03 Lübeck – Grömitz.gpx","year":"2024","voyage_id":"2024/mecklenburger-bay-sailing","voyage_title":"Mecklenburg Bay","start":"2024-10-03T10:03:35Z","end":"2024-10-03T17:01:52Z","distance_nm":30.72,"duration_hours":6.97,"day_marks":[{"time":"2024-10-03T12:00:00Z","coordinates":[10.932818,53.969042],"distance_nm":9.0}],"segment_count":1,"original_points":25019,"simplified_points":109,"tolerance_m":20.0},"geometry":{"type":"LineString","coordinates":[[10.774479,53.895385],[10.774084,53.894923],[10.775809,53.896],[10.777534,53.896531],[10.783121,53.895427],[10.792095,53.895205],[10.808641,53.893921],[10.813923,53.894403],[10.822052,53.895931],[10.826086,53.897024],[10.841141,53.902743],[10.864244,53.913118],[10.866661,53.91455],[10.870029,53.917292],[10.87188,53.920298],[10.872275,53.921756],[10.871377,53.928039],[10.86861,53.932111],[10.866921,53.936547],[10.864164,53.941036],[10.862439,53.946219],[10.862277,53.947772],[10.862762,53.949489],[10.863562,53.951031],[10.865646,53.953124],[10.86967,53.955381],[10.874485,53.957357],[10.878716,53.958485],[10.887357,53.960027],[10.893762,53.962358],[10.897157,53.962543],[10.90031,53.963449],[10.910111,53.965409],[10.920917,53.966526],[10.937104,53.969958],[10.92963,53.975709],[10.924259,53.981126],[10.928876,53.981476],[10.93749,53.982879],[10.952177,53.984229],[10.95957,53.985388],[10.955366,53.98929],[10.94994,53.996367],[10.944012,54.001945],[10.94173,54.004919],[10.937769,54.00884],[10.93219,54.013486],[10.928615,54.01739],[10.925831,54.021437],[10.916282,54.032744],[10.909464,54.042077],[10.902278,54.049821],[10.897544,54.0573],[10.894633,54.061121],[10.892262,54.063431],[10.89166,54.064831],[10.897948,54.064398],[10.909383,54.064762],[10.911485,54.064366],[10.921142,54.064614],[10.942826,54.066147],[10.953677,54.067695],[10.955591,54.067209],[10.956579,54.067251],[10.963828,54.068154],[10.966577,54.068825],[10.969442,54.067235],[10.971688,54.064857],[10.978119,54.064176],[10.993642,54.065074],[11.004385,54.063917],[11.033525,54.06351],[11.035519,54.063272],[11.040918,54.063478],[11.05318,54.063335],[11.057545,54.063668],[11.058713,54.063309],[11.057985,54.063542],[11.057635,54.066791],[11.055632,54.071768],[11.043065,54.097262],[11.040783,54.10687],[11.03905,54.108338],[11.032834,54.110449],[11.024156,54.112497],[11.016377,54.114856],[10.991863,54.123257],[10.970224,54.130148],[10.969101,54.130412],[10.967538,54.130106],[10.963612,54.130259],[10.963657,54.129789],[10.964466,54.129436],[10.967565,54.12989],[10.966954,54.129826],[10.967627,54.129795],[10.967026,54.129737],[10.967457,54.128164],[10.966568,54.127742],[10.962687,54.129573],[10.958223,54.130401],[10.955465,54.131736],[10.954396,54.13191],[10.949015,54.134548],[10.948656,54.134843],[10.948952,54.135629],[10.94738,54.13478],[10.947632,54.134115],[10.94738,54.134305]]}},{"type":"Feature","properties":{"name":"Grömitz – Wismar","source":"2024/mecklenburger-bay-sailing/2024.10.04 Grömitz - Wismar.gpx","year":"2024","voyage_id":"2024/mecklenburger-bay-sailing","voyage_title":"Mecklenburg Bay","start":"2024-10-04T06:11:38Z","end":"2024-10-04T11:53:27Z","distance_nm":25.45,"duration_hours":5.7,"day_marks":[],"segment_count":1,"original_points":20507,"simplified_points":60,"tolerance_m":20.0},"geometry":{"type":"LineString","coordinates":[[10.947183,54.134189],[10.947614,54.134221],[10.947389,54.134785],[10.948665,54.135571],[10.948934,54.134674],[10.951809,54.134511],[10.954297,54.133408],[10.955995,54.133967],[10.975748,54.132897],[10.98942,54.12895],[11.003846,54.125389],[11.02386,54.119601],[11.032286,54.116978],[11.048841,54.111067],[11.073607,54.101085],[11.087736,54.095784],[11.107301,54.087266],[11.144804,54.07498],[11.148388,54.073628],[11.148945,54.073105],[11.156859,54.070368],[11.214322,54.057179],[11.247819,54.050387],[11.269719,54.045281],[11.292571,54.040581],[11.297943,54.036858],[11.312468,54.022495],[11.314705,54.019474],[11.318891,54.015216],[11.322942,54.012343],[11.329688,54.006248],[11.349953,53.985722],[11.356322,53.981174],[11.359646,53.977086],[11.363697,53.974094],[11.380109,53.964265],[11.391113,53.957124],[11.422543,53.93175],[11.430781,53.923278],[11.432074,53.920648],[11.432487,53.917148],[11.433377,53.917053],[11.43343,53.917716],[11.434014,53.91788],[11.434472,53.918607],[11.436027,53.917848],[11.436125,53.913712],[11.44156,53.907226],[11.444875,53.904117],[11.445369,53.903507],[11.445252,53.90286],[11.445279,53.903306],[11.445665,53.903077],[11.445261,53.903024],[11.449689,53.90104],[11.450857,53.900154],[11.452483,53.897735],[11.453264,53.895496],[11.453354,53.895756],[11.453794,53.895486]]}},{"type":"Feature","properties":{"name":"Wismar – Timmendorf","source":"2024/mecklenburger-bay-sailing/2024.10.05 Wismar - Timmendorf.gpx","year":"2024","voyage_id":"2024/mecklenburger-bay-sailing","voyage_title":"Mecklenburg Bay","start":"2024-10-05T08:05:30Z","end":"2024-10-05T09:39:19Z","distance_nm":6.69,"duration_hours":1.56,"day_marks":[],"segment_count":1,"original_points":5630,"simplified_points":23,"tolerance_m":20.0},"geometry":{"type":"LineString","coordinates":[[11.450336,53.90155],[11.441299,53.909384],[11.438075,53.912683],[11.43723,53.914375],[11.432353,53.919365],[11.427915,53.922833],[11.424708,53.92709],[11.417854,53.938636],[11.41286,53.945334],[11.408279,53.94836],[11.396691,53.9536],[11.391274,53.957532],[11.391086,53.958199],[11.389837,53.958872],[11.380369,53.967199],[11.375545,53.973469],[11.373057,53.983249],[11.371126,53.987421],[11.371844,53.988014],[11.371647,53.988988],[11.372491,53.990793],[11.374216,53.991974],[11.373946,53.992186]]}},{"type":"Feature","properties":{"name":"Timmendorf – Marina am Stau","source":"2024/mecklenburger-bay-sailing/2024.10.06 Timmendorf - Marina am Stau.gpx","year":"2024","voyage_id":"2024/mecklenburger-bay-sailing","voyage_title":"Mecklenburg Bay","start":"2024-10-06T06:07:32Z","end":"2024-10-06T14:16:19Z","distance_nm":29.18,"duration_hours":8.15,"day_marks":[{"time":"2024-10-06T12:00:00Z","coordinates":[10.949627,53.988295],"distance_nm":18.98}],"segment_count":1,"original_points":29327,"simplified_points":46,"tolerance_m":20.0},"geometry":{"type":"LineString","coordinates":[[11.374126,53.992101],[11.370245,53.990576],[11.369419,53.990566],[11.362718,53.993085],[11.348911,53.996669],[11.342498,54.002289],[11.332248,54.010237],[11.306872,54.031829],[11.296281,54.039687],[11.29276,54.039618],[11.281648,54.040464],[11.265075,54.041167],[11.233078,54.043314],[11.195099,54.04472],[11.153751,54.044535],[11.113984,54.045566],[11.100115,54.044948],[11.092497,54.04361],[11.089488,54.042569],[11.045823,54.025065],[10.966954,53.995901],[10.954836,53.990449],[10.939682,53.984202],[10.923989,53.97688],[10.901532,53.96713],[10.891328,53.962209],[10.885767,53.960525],[10.874916,53.958263],[10.871997,53.957208],[10.863517,53.952006],[10.862637,53.950771],[10.862286,53.948917],[10.862663,53.945292],[10.868053,53.933335],[10.86967,53.921576],[10.868017,53.917859],[10.866104,53.916316],[10.862592,53.914783],[10.861002,53.913537],[10.824406,53.896754],[10.815585,53.895104],[10.809845,53.894833],[10.787181,53.895067],[10.772,53.896313],[10.768668,53.89695],[10.768075,53.896531]]}},{"type":"Feature","properties":{"name":"Kiel to Rendsburg","source":"2025/across-the-wadden-sea/2025.08.01 Kiel to Rendsburg.gpx","year":"2025","voyage_id":"2025/across-the-wadden-sea","voyage_title":"North Sea, Wadden Sea and Dutch canals","start":"2025-08-01T10:50:20Z","end":"2025-08-01T15:51:50Z","distance_nm":21.48,"duration_hours":5.03,"day_marks":[{"time":"2025-08-01T12:00:00Z","coordinates":[10.13635,54.367125],"distance_nm":2.89}],"segment_count":1,"original_points":179,"simplified_points":38,"tolerance_m":20.0},"geometry":{"type":"LineString","coordinates":[[10.176266,54.330359],[10.16844,54.333532],[10.160517,54.347209],[10.153908,54.362397],[10.147665,54.36562],[10.136352,54.366909],[10.13635,54.367143],[10.112945,54.370718],[10.090504,54.372102],[10.071604,54.36654],[10.051385,54.360166],[10.027582,54.360992],[10.006469,54.355148],[9.990831,54.347257],[9.988709,54.346596],[9.967096,54.342896],[9.945364,54.341189],[9.94339,54.340818],[9.944022,54.341062],[9.942718,54.340938],[9.920849,54.344126],[9.899628,54.350586],[9.89953,54.350866],[9.897562,54.351568],[9.877353,54.358374],[9.854873,54.36388],[9.833097,54.364279],[9.810598,54.364131],[9.788271,54.360954],[9.769051,54.35232],[9.75084,54.342777],[9.733005,54.334004],[9.71622,54.324636],[9.704704,54.312724],[9.681862,54.309546],[9.680882,54.309604],[9.669751,54.306449],[9.670017,54.306759]]}},{"type":"Feature","properties":{"name":"Rendsburg – Glückstadt","source":"2025/across-the-wadden-sea/2025.08.02 Rendsburg - Glückstadt .gpx","year":"2025","voyage_id":"2025/across-the-wadden-sea","voyage_title":"North Sea, Wadden Sea and Dutch canals","start":"2025-08-02T05:33:34Z","end":"2025-08-02T15:52:27Z","distance_nm":51.34,"duration_hours":10.31,"day_marks":[{"time":"2025-08-02T12:00:00Z","coordinates":[9.182262,53.914668],"distance_nm":35.56}],"segment_count":1,"original_points":36022,"simplified_points":125,"tolerance_m":20.0},"geometry":{"type":"LineString","coordinates":[[9.67715,54.309273],[9.686267,54.310208],[9.695951,54.311863],[9.702284,54.312472],[9.709129,54.313812],[9.710943,54.313859],[9.711895,54.313213],[9.711446,54.308963],[9.709191,54.304798],[9.708051,54.303484],[9.703496,54.299844],[9.700164,54.298057],[9.684704,54.294206],[9.657765,54.289944],[9.653031,54.288893],[9.648719,54.287574],[9.644632,54.285866],[9.64191,54.284468],[9.636494,54.280731],[9.632164,54.276667],[9.627538,54.269207],[9.625445,54.266704],[9.619139,54.255955],[9.617369,54.251978],[9.603042,54.229301],[9.595343,54.221548],[9.587412,54.216173],[9.579417,54.211961],[9.556915,54.201603],[9.54601,54.197121],[9.539372,54.19483],[9.487936,54.183561],[9.482187,54.182671],[9.45673,54.177175],[9.448232,54.174888],[9.417538,54.165296],[9.387068,54.158021],[9.380726,54.156254],[9.354524,54.147148],[9.344741,54.142576],[9.34051,54.139801],[9.336226,54.136167],[9.333046,54.132612],[9.330171,54.128302],[9.328321,54.124329],[9.32736,54.119638],[9.327342,54.116878],[9.328842,54.106786],[9.328491,54.100155],[9.325006,54.092045],[9.318512,54.080622],[9.313059,54.069496],[9.307597,54.056592],[9.304813,54.04666],[9.303519,54.044229],[9.302307,54.039862],[9.30122,54.033294],[9.297106,54.018506],[9.295578,54.009867],[9.292614,54.000913],[9.28815,53.993297],[9.284601,53.988808],[9.279481,53.983647],[9.272915,53.978511],[9.266151,53.973422],[9.259162,53.968862],[9.232573,53.949182],[9.228612,53.946839],[9.207313,53.930282],[9.191665,53.919285],[9.181901,53.914481],[9.156013,53.90016],[9.153587,53.899274],[9.146572,53.895815],[9.146796,53.895624],[9.147731,53.896282],[9.148503,53.896266],[9.151476,53.894663],[9.153632,53.895714],[9.153264,53.89574],[9.151997,53.894403],[9.148728,53.892854],[9.146572,53.890912],[9.141209,53.887166],[9.143401,53.88526],[9.143455,53.883944],[9.145296,53.882485],[9.146509,53.880394],[9.146599,53.879353],[9.147416,53.879205],[9.147802,53.878345],[9.15003,53.877443],[9.152357,53.876997],[9.160001,53.874088],[9.165292,53.87378],[9.180096,53.874438],[9.202508,53.876238],[9.210368,53.876397],[9.216943,53.876089],[9.22094,53.875197],[9.230866,53.873987],[9.236256,53.87395],[9.246281,53.873191],[9.248095,53.872028],[9.253261,53.870988],[9.265585,53.866793],[9.277631,53.863576],[9.30554,53.851558],[9.315817,53.846263],[9.328545,53.837704],[9.339037,53.831477],[9.352008,53.824138],[9.360704,53.819631],[9.363731,53.816074],[9.368106,53.812353],[9.375328,53.808717],[9.38175,53.804952],[9.389799,53.801453],[9.392889,53.798465],[9.403803,53.785364],[9.405564,53.78479],[9.408304,53.784662],[9.411591,53.78521],[9.414619,53.785279],[9.413981,53.784987]]}},{"type":"Feature","properties":{"name":"Glückstadt – Cuxhaven","source":"2025/across-the-wadden-sea/2025.08.03 Glückstadt - Cuxhaven.gpx","year":"2025","voyage_id":"2025/across-the-wadden-sea","voyage_title":"North Sea, Wadden Sea and Dutch canals","start":"2025-08-03T07:06:39Z","end":"2025-08-03T12:32:54Z","distance_nm":30.43,"duration_hours":5.44,"day_marks":[{"time":"2025-08-03T12:00:00Z","coordinates":[8.731334,53.871247],"distance_nm":28.79}],"segment_count":1,"original_points":19574,"simplified_points":101,"tolerance_m":20.0},"geometry":{"type":"LineString","coordinates":[[9.413891,53.784971],[9.414053,53.785221],[9.410136,53.785136],[9.40807,53.784588],[9.403579,53.789758],[9.400174,53.791785],[9.398656,53.793205],[9.398099,53.795258],[9.395952,53.797912],[9.392144,53.800379],[9.390194,53.802278],[9.384939,53.806026],[9.38122,53.810083],[9.37866,53.811141],[9.37381,53.812332],[9.370136,53.812842],[9.368007,53.813533],[9.359518,53.821629],[9.357191,53.823309],[9.354784,53.824377],[9.347427,53.830446],[9.340466,53.835372],[9.33363,53.838501],[9.310077,53.85056],[9.300465,53.854936],[9.289326,53.859524],[9.281152,53.862148],[9.265262,53.865992],[9.247817,53.872108],[9.225099,53.875728],[9.220015,53.875813],[9.211482,53.877002],[9.188755,53.877793],[9.141883,53.877506],[9.123953,53.876333],[9.120333,53.877002],[9.116866,53.878212],[9.110901,53.875192],[9.108081,53.873318],[9.102951,53.873467],[9.099664,53.873929],[9.088166,53.874725],[9.084034,53.872171],[9.08009,53.868779],[9.077476,53.86751],[9.076928,53.866873],[9.064379,53.868285],[9.054516,53.861394],[9.048363,53.862286],[9.044545,53.859227],[9.034996,53.859827],[9.027756,53.855457],[9.026328,53.855818],[9.015728,53.854819],[9.009611,53.854702],[9.005254,53.852084],[8.999218,53.849657],[8.988223,53.849959],[8.984837,53.847856],[8.978944,53.846156],[8.970527,53.845662],[8.96706,53.844913],[8.956936,53.84366],[8.943525,53.842879],[8.937623,53.84298],[8.924005,53.84213],[8.918211,53.842146],[8.902195,53.836248],[8.897075,53.83687],[8.883367,53.837848],[8.875803,53.838926],[8.870809,53.837582],[8.854981,53.836774],[8.845244,53.836822],[8.837123,53.837555],[8.835983,53.83806],[8.827018,53.840191],[8.815367,53.842422],[8.810903,53.843766],[8.805998,53.844541],[8.782849,53.851075],[8.775448,53.851117],[8.760545,53.855876],[8.74778,53.861383],[8.736974,53.867239],[8.727273,53.874592],[8.725979,53.875149],[8.724838,53.876397],[8.724497,53.876386],[8.724677,53.875909],[8.723931,53.875564],[8.718263,53.875728],[8.714589,53.874964],[8.710655,53.874534],[8.708184,53.873791],[8.707448,53.873838],[8.705687,53.875542],[8.705795,53.875091],[8.70699,53.874284],[8.706918,53.87447],[8.70663,53.874305]]}},{"type":"Feature","properties":{"name":"Cuxhaven – Helgoland","source":"2025/across-the-wadden-sea/2025.08.07 Cuxhaven - Helgoland.gpx","year":"2025","voyage_id":"2025/across-the-wadden-sea","voyage_title":"North Sea, Wadden Sea and Dutch canals","start":"2025-08-07T02:43:01Z","end":"2025-08-07T09:32:58Z","distance_nm":37.75,"duration_hours":6.83,"day_marks":[],"segment_count":1,"original_points":19809,"simplified_points":78,"tolerance_m":20.0},"geometry":{"type":"LineString","coordinates":[[8.706963,53.874167],[8.708535,53.874486],[8.707026,53.879751],[8.705373,53.882692],[8.703118,53.884778],[8.68835,53.905777],[8.678424,53.915372],[8.674813,53.919471],[8.67414,53.920494],[8.673951,53.923045],[8.672747,53.924863],[8.663971,53.935514],[8.656893,53.945276],[8.653506,53.94791],[8.647694,53.951206],[8.628291,53.960021],[8.6238,53.960811],[8.603319,53.96624],[8.584321,53.969948],[8.476096,53.987882],[8.459181,53.990952],[8.434568,53.992355],[8.421211,53.994456],[8.402796,53.99542],[8.400155,53.996076],[8.396257,53.996372],[8.39534,53.997103],[8.388882,53.99859],[8.36161,54.006126],[8.352681,54.009666],[8.348989,54.011449],[8.3473,54.011846],[8.34201,54.013972],[8.311558,54.027556],[8.298892,54.032787],[8.278079,54.042907],[8.239731,54.053997],[8.220859,54.060239],[8.194683,54.069454],[8.187568,54.071467],[8.177741,54.074811],[8.167986,54.077394],[8.138801,54.086083],[8.101163,54.098144],[8.088506,54.101618],[8.044733,54.114761],[8.038499,54.117194],[8.028708,54.120413],[7.987971,54.136526],[7.984629,54.137549],[7.963735,54.146209],[7.958947,54.148582],[7.953001,54.150639],[7.937406,54.157852],[7.932421,54.158732],[7.924741,54.161263],[7.913512,54.163635],[7.90867,54.164331],[7.903883,54.165512],[7.903119,54.166218],[7.902984,54.168616],[7.903406,54.168722],[7.902939,54.167831],[7.896867,54.173407],[7.896544,54.174256],[7.89348,54.176801],[7.893723,54.176959],[7.896759,54.173697],[7.897622,54.172195],[7.899274,54.171747],[7.900343,54.172037],[7.901008,54.172617],[7.901556,54.174825],[7.898304,54.176411],[7.897496,54.1802],[7.895573,54.183082],[7.89269,54.184252],[7.888818,54.183762]]}},{"type":"Feature","properties":{"name":"Helgoland – Wangerooge","source":"2025/across-the-wadden-sea/2025.08.08 Helgoland - WANGEROOGE .gpx","year":"2025","voyage_id":"2025/across-the-wadden-sea","voyage_title":"North Sea, Wadden Sea and Dutch canals","start":"2025-08-08T02:48:45Z","end":"2025-08-08T10:04:38Z","distance_nm":34.54,"duration_hours":7.26,"day_marks":[],"segment_count":1,"original_points":18735,"simplified_points":68,"tolerance_m":20.0},"geometry":{"type":"LineString","coordinates":[[7.888773,54.183704],[7.892043,54.184267],[7.892816,54.184072],[7.89896,54.179098],[7.904332,54.176443],[7.908033,54.169533],[7.912344,54.15926],[7.916512,54.155295],[7.918219,54.152922],[7.924274,54.152785],[7.929322,54.149569],[7.930076,54.149458],[7.934002,54.142644],[7.93499,54.140165],[7.952102,54.11046],[7.953575,54.106929],[7.953647,54.105593],[7.954689,54.104147],[7.964283,54.072069],[7.973436,54.033035],[7.974667,54.022193],[7.976985,54.010094],[7.977559,54.004491],[7.98056,53.991905],[7.98232,53.980491],[7.987665,53.961552],[7.993118,53.94658],[7.987548,53.946278],[7.974227,53.943919],[7.895825,53.934883],[7.890875,53.934586],[7.876862,53.935132],[7.877743,53.930356],[7.876476,53.926767],[7.869811,53.89877],[7.871904,53.89808],[7.872569,53.897417],[7.871688,53.888641],[7.864888,53.860114],[7.865688,53.856009],[7.865167,53.839973],[7.862858,53.812651],[7.858492,53.813842],[7.848414,53.815862],[7.821052,53.822708],[7.812905,53.826232],[7.806796,53.827906],[7.804461,53.816877],[7.805413,53.814692],[7.805943,53.811535],[7.805162,53.808632],[7.812007,53.804984],[7.814315,53.802948],[7.822076,53.792498],[7.826307,53.785024],[7.827071,53.780885],[7.827717,53.779965],[7.828723,53.779475],[7.830089,53.779332],[7.833089,53.779172],[7.833889,53.779385],[7.837607,53.778901],[7.839736,53.779071],[7.84677,53.775602],[7.854513,53.772648],[7.85816,53.770892],[7.860918,53.770137],[7.869685,53.775575]]}},{"type":"Feature","properties":{"name":"Wangerooge – Norderney","source":"2025/across-the-wadden-sea/2025.08.09 Wangerooge – Norderney.gpx","year":"2025","voyage_id":"2025/across-the-wadden-sea","voyage_title":"North Sea, Wadden Sea and Dutch canals","start":"2025-08-09T08:11:00Z","end":"2025-08-09T14:26:20Z","distance_nm":30.82,"duration_hours":6.26,"day_marks":[{"time":"2025-08-09T12:00:00Z","coordinates":[7.365258,53.766715],"distance_nm":19.24}],"segment_count":1,"original_points":15124,"simplified_points":55,"tolerance_m":20.0},"geometry":{"type":"LineString","coordinates":[[7.858376,53.771116],[7.844327,53.775862],[7.84297,53.775995],[7.841272,53.777267],[7.839027,53.778257],[7.831005,53.77897],[7.830026,53.778768],[7.828732,53.779172],[7.823163,53.790014],[7.81666,53.799284],[7.810884,53.805888],[7.805638,53.808653],[7.802296,53.809046],[7.78151,53.806611],[7.762978,53.804857],[7.74786,53.802937],[7.722664,53.804027],[7.721837,53.803506],[7.703225,53.804011],[7.669423,53.805394],[7.633923,53.801895],[7.576891,53.794141],[7.512664,53.786487],[7.469879,53.780321],[7.45468,53.776442],[7.403622,53.771111],[7.343365,53.764245],[7.293223,53.752715],[7.239928,53.742753],[7.232832,53.741773],[7.207895,53.73607],[7.20176,53.733721],[7.190972,53.727941],[7.181181,53.724836],[7.16882,53.722806],[7.157493,53.720414],[7.141486,53.717632],[7.13889,53.715634],[7.134335,53.710375],[7.131928,53.70836],[7.133617,53.704421],[7.138476,53.698915],[7.145869,53.695327],[7.149292,53.694554],[7.1554,53.695151],[7.161239,53.695146],[7.163547,53.695951],[7.164841,53.697012],[7.166368,53.696841],[7.166467,53.697327],[7.163781,53.698803],[7.162451,53.700333],[7.163305,53.702151],[7.165586,53.70295],[7.165326,53.703558]]}},{"type":"Feature","properties":{"name":"Norderney – Lauwersoog","source":"2025/across-the-wadden-sea/2025.08.10 Norderney – Lauwersoog.gpx","year":"2025","voyage_id":"2025/across-the-wadden-sea","voyage_title":"North Sea, Wadden Sea and Dutch canals","start":"2025-08-10T05:16:26Z","end":"2025-08-10T19:33:35Z","distance_nm":71.49,"duration_hours":14.29,"day_marks":[{"time":"2025-08-10T12:00:00Z","coordinates":[6.8941,53.791727],"distance_nm":26.2}],"segment_count":3,"original_points":49473,"simplified_points":209,"tolerance_m":20.0},"geometry":{"type":"MultiLineString","coordinates":[[[7.165622,53.703473],[7.165631,53.703153],[7.15337,53.694576],[7.150172,53.694762],[7.140902,53.69779],[7.135063,53.70287],[7.132278,53.707401],[7.133329,53.716897],[7.132871,53.719273],[7.132116,53.720275],[7.119388,53.720254],[7.099527,53.723541],[7.094613,53.725395],[7.091784,53.72605],[7.088586,53.728149],[7.084831,53.729731],[7.084508,53.731569],[7.085577,53.735617],[7.079109,53.7346],[7.082603,53.740841],[7.08528,53.74458],[7.08775,53.749398],[7.089376,53.751086],[7.091362,53.759918],[7.093679,53.764964],[7.094577,53.765645],[7.095539,53.767683],[7.098422,53.775751],[7.101054,53.781162],[7.10745,53.789753],[7.108824,53.792248],[7.109848,53.792822],[7.110522,53.794497],[7.111537,53.795136],[7.111654,53.796556],[7.113154,53.799066],[7.113432,53.800927],[7.115049,53.803506],[7.117448,53.81095],[7.118292,53.811768],[7.121661,53.819147],[7.124068,53.826109],[7.126862,53.831748],[7.122406,53.828703],[7.122011,53.827661]],[[7.121661,53.826327],[7.117151,53.82258],[7.115364,53.820029],[7.110387,53.815904],[7.104719,53.809397],[7.099994,53.805048],[7.096078,53.802171],[7.092251,53.798226],[7.085343,53.792678],[7.081103,53.788631],[7.076459,53.785194],[7.069354,53.781523],[7.054766,53.77574],[7.038947,53.770504],[7.031626,53.767667],[7.022086,53.765374],[7.015385,53.762776],[7.010364,53.761478],[7.009483,53.7607],[7.004058,53.759034],[6.994868,53.755542],[6.973525,53.749074],[6.967076,53.746656],[6.956341,53.743701],[6.936211,53.736821],[6.935124,53.739798],[6.934693,53.742652],[6.935312,53.742434],[6.936202,53.743163],[6.935797,53.750447],[6.936453,53.75156],[6.936274,53.753083],[6.935007,53.756921],[6.93419,53.762707],[6.93136,53.769706],[6.92827,53.784418],[6.926527,53.789471],[6.923428,53.801634],[6.923877,53.802182],[6.92482,53.801523],[6.92138,53.800321],[6.91988,53.799215],[6.893821,53.791609],[6.872765,53.786998],[6.868714,53.7857],[6.86831,53.785838],[6.866953,53.785247],[6.863459,53.784476],[6.86213,53.783848],[6.859102,53.783098],[6.85833,53.783173],[6.857189,53.782598],[6.825318,53.774261],[6.812392,53.771872],[6.782704,53.764868],[6.75827,53.759961],[6.758243,53.759535],[6.750626,53.757704],[6.716213,53.750192],[6.714416,53.750005],[6.714758,53.749936],[6.714093,53.749665],[6.710473,53.748813],[6.709072,53.748914],[6.707419,53.748238],[6.703116,53.747317],[6.702595,53.746944],[6.686228,53.744079],[6.685123,53.743808],[6.686749,53.743408],[6.686201,53.742444],[6.683965,53.743643],[6.682743,53.743493],[6.681414,53.743872],[6.682114,53.74311],[6.679473,53.742881],[6.679231,53.742578],[6.677362,53.742226],[6.677057,53.742647],[6.676832,53.742141],[6.675521,53.742183],[6.675871,53.741976],[6.67182,53.741422],[6.660008,53.738663],[6.639374,53.734376],[6.628478,53.729875],[6.618453,53.726487],[6.610279,53.722667],[6.606389,53.721437],[6.597999,53.718043],[6.565023,53.706084],[6.550732,53.70052],[6.531239,53.693835]],[[6.530233,53.693419],[6.518609,53.688668],[6.511468,53.686306],[6.500725,53.682067],[6.490592,53.67868],[6.480855,53.674733],[6.476741,53.673539],[6.473103,53.671794],[6.458496,53.66631],[6.456412,53.665238],[6.45308,53.66423],[6.432599,53.655271],[6.412397,53.64883],[6.369863,53.634449],[6.363935,53.632837],[6.357701,53.630466],[6.33324,53.622761],[6.318904,53.617751],[6.309346,53.613537],[6.278858,53.59908],[6.250931,53.585046],[6.242101,53.580262],[6.197789,53.563248],[6.188078,53.55759],[6.172969,53.549486],[6.158929,53.541262],[6.145653,53.533134],[6.136517,53.526898],[6.135493,53.526888],[6.134298,53.527696],[6.134289,53.528215],[6.132538,53.527487],[6.110063,53.521845],[6.104466,53.520839],[6.096741,53.517209],[6.094963,53.513049],[6.094406,53.509295],[6.092681,53.504476],[6.087193,53.495242],[6.08589,53.491396],[6.08404,53.48292],[6.08112,53.479271],[6.074859,53.474823],[6.070053,53.470032],[6.068975,53.468381],[6.067646,53.462736],[6.068409,53.453917],[6.070269,53.4504],[6.073197,53.446828],[6.078048,53.44265],[6.082099,53.440301],[6.086061,53.43888],[6.096175,53.436455],[6.1047,53.435865],[6.114851,53.43638],[6.119908,53.436359],[6.128585,53.435147],[6.135421,53.434621],[6.149982,53.431198],[6.177281,53.422249],[6.185051,53.420489],[6.193917,53.417205],[6.198319,53.414704],[6.200879,53.412579],[6.200987,53.411715],[6.1991,53.4099],[6.197618,53.409439],[6.196504,53.408575],[6.198166,53.409476],[6.201211,53.408548],[6.199702,53.408612]]]}},{"type":"Feature","properties":{"name":"Lauwersoog – Groningen","source":"2025/across-the-wadden-sea/2025.08.11 Lauwersoog – Groningen.gpx","year":"2025","voyage_id":"2025/across-the-wadden-sea","voyage_title":"North Sea, Wadden Sea and Dutch canals","start":"2025-08-11T05:49:08Z","end":"2025-08-11T13:19:44Z","distance_nm":26.3,"duration_hours":7.51,"day_marks":[{"time":"2025-08-11T12:00:00Z","coordinates":[6.512653,53.253774],"distance_nm":22.47}],"segment_count":1,"original_points":221,"simplified_points":73,"tolerance_m":20.0},"geometry":{"type":"LineString","coordinates":[[6.199564,53.408908],[6.197277,53.409306],[6.197817,53.409786],[6.195576,53.407468],[6.206819,53.406263],[6.207779,53.405022],[6.207473,53.405779],[6.2085,53.405167],[6.207572,53.405832],[6.205396,53.406509],[6.182826,53.404975],[6.172131,53.39452],[6.179063,53.38125],[6.179038,53.368908],[6.198435,53.361009],[6.221568,53.356714],[6.231096,53.344927],[6.231137,53.3442],[6.250047,53.348358],[6.271567,53.345829],[6.271695,53.345557],[6.290686,53.340732],[6.290973,53.339971],[6.300999,53.335304],[6.315475,53.325257],[6.323753,53.316712],[6.337089,53.318969],[6.355613,53.314658],[6.36818,53.321605],[6.370712,53.321186],[6.393194,53.319658],[6.411505,53.323904],[6.411963,53.324624],[6.424615,53.326937],[6.424182,53.327098],[6.425957,53.327111],[6.424324,53.327151],[6.436993,53.3228],[6.436791,53.322605],[6.447843,53.320626],[6.456165,53.32886],[6.456926,53.328787],[6.467346,53.320843],[6.484426,53.319233],[6.483489,53.31933],[6.489314,53.308335],[6.491947,53.307882],[6.49794,53.302314],[6.497711,53.302486],[6.504105,53.292595],[6.504209,53.292796],[6.503853,53.292567],[6.501899,53.279895],[6.506584,53.268327],[6.507588,53.25904],[6.512397,53.255134],[6.511022,53.255059],[6.509567,53.256033],[6.512671,53.253767],[6.511295,53.254401],[6.523418,53.243769],[6.5287,53.234032],[6.529504,53.2352],[6.536196,53.226319],[6.549496,53.218441],[6.549144,53.219154],[6.549841,53.219351],[6.560064,53.216045],[6.559921,53.216696],[6.559567,53.216555],[6.562282,53.21155],[6.561033,53.212598],[6.558966,53.213606]]}},{"type":"Feature","properties":{"name":"Groningen – Borkum","source":"2025/across-the-wadden-sea/2025.08.12 Groningen – Borkum .gpx","year":"2025","voyage_id":"2025/across-the-wadden-sea","voyage_title":"North Sea, Wadden Sea and Dutch canals","start":"2025-08-12T07:50:28Z","end":"2025-08-12T16:20:52Z","distance_nm":37.36,"duration_hours":8.51,"day_marks":[{"time":"2025-08-12T12:00:00Z","coordinates":[6.940977,53.321428],"distance_nm":15.59}],"segment_count":1,"original_points":274,"simplified_points":44,"tolerance_m":20.0},"geometry":{"type":"LineString","coordinates":[[6.560723,53.212875],[6.569019,53.212291],[6.577488,53.216224],[6.588192,53.2195],[6.607095,53.224588],[6.606874,53.224828],[6.619688,53.228589],[6.643758,53.235026],[6.664029,53.243257],[6.704784,53.258076],[6.725234,53.265936],[6.814879,53.2976],[6.814946,53.297407],[6.833947,53.302848],[6.853063,53.30572],[6.88549,53.311664],[6.931084,53.313137],[6.939776,53.319646],[6.940973,53.32144],[6.951789,53.323171],[6.975658,53.318642],[6.998213,53.315173],[7.007363,53.323666],[6.994726,53.333951],[6.987923,53.346141],[6.981809,53.359594],[6.973367,53.372547],[6.962355,53.38619],[6.951266,53.401433],[6.937828,53.417337],[6.921102,53.431558],[6.901811,53.447019],[6.877981,53.461102],[6.853182,53.475071],[6.827783,53.487549],[6.802666,53.500603],[6.776026,53.515291],[6.747031,53.528391],[6.720751,53.544662],[6.716433,53.552249],[6.737909,53.554409],[6.749131,53.557479],[6.749528,53.557885],[6.748159,53.560071]]}},{"type":"Feature","properties":{"name":"Borkum – Spiekeroog","source":"2025/across-the-wadden-sea/2025.08.13 Borkum – Spiekeroog.gpx","year":"2025","voyage_id":"2025/across-the-wadden-sea","voyage_title":"North Sea, Wadden Sea and Dutch canals","start":"2025-08-13T03:55:58Z","end":"2025-08-13T14:16:43Z","distance_nm":52.3,"duration_hours":10.35,"day_marks":[{"time":"2025-08-13T12:00:00Z","coordinates":[7.472275,53.777532],"distance_nm":42.46}],"segment_count":2,"original_points":31121,"simplified_points":71,"tolerance_m":20.0},"geometry":{"type":"MultiLineString","coordinates":[[[6.748434,53.560151],[6.749925,53.559344],[6.75015,53.55775],[6.748874,53.556434],[6.747195,53.555659],[6.737511,53.553995],[6.721953,53.552123],[6.712467,53.551299],[6.706467,53.551486],[6.703341,53.552273],[6.697502,53.554707],[6.652219,53.575114],[6.647387,53.577648],[6.620519,53.593688],[6.580447,53.619508],[6.578336,53.622739],[6.577545,53.624886],[6.578058,53.640888],[6.587858,53.643957],[6.624202,53.65422],[6.631703,53.656797],[6.642365,53.661306],[6.649219,53.663552],[6.666224,53.667708],[6.681656,53.670872],[6.729175,53.680008],[6.772966,53.687165],[6.807676,53.691238],[6.893201,53.706905],[6.928405,53.712826],[6.997231,53.725123],[7.014029,53.728005],[7.064952,53.735793],[7.08502,53.738685],[7.121041,53.742711],[7.163916,53.746672],[7.222726,53.751459],[7.268925,53.757299],[7.288121,53.760046],[7.340239,53.766081],[7.369622,53.768849],[7.41565,53.772494],[7.437011,53.773894],[7.458093,53.776203],[7.470463,53.777256],[7.497168,53.781375]],[[7.518503,53.78488],[7.546152,53.789179],[7.600399,53.796199],[7.600246,53.795763],[7.599006,53.795593],[7.599357,53.795854],[7.610244,53.791854],[7.618643,53.789992],[7.627212,53.789003],[7.632629,53.786338],[7.638082,53.779044],[7.646705,53.764565],[7.651367,53.758449],[7.654691,53.756719],[7.665946,53.753125],[7.675405,53.749303],[7.678118,53.748616],[7.684271,53.747966],[7.689149,53.749031],[7.688807,53.75099],[7.691574,53.754659],[7.696407,53.763112],[7.697745,53.764336],[7.6977,53.765123],[7.697961,53.765028]]]}},{"type":"Feature","properties":{"name":"Spiekeroog – Büsum – Cuxhaven","source":"2025/across-the-wadden-sea/2025.08.14 Spiekeroog – Büsum – Cuxhaven.gpx","year":"2025","voyage_id":"2025/across-the-wadden-sea","voyage_title":"North Sea, Wadden Sea and Dutch canals","start":"2025-08-14T03:05:09Z","end":"2025-08-14T14:58:49Z","distance_nm":62.41,"duration_hours":11.89,"day_marks":[{"time":"2025-08-14T12:00:00Z","coordinates":[8.493702,54.081262],"distance_nm":46.54}],"segment_count":1,"original_points":42811,"simplified_points":110,"tolerance_m":20.0},"geometry":{"type":"LineString","coordinates":[[7.697718,53.764905],[7.691915,53.755095],[7.688861,53.751049],[7.688673,53.750474],[7.689526,53.749303],[7.689275,53.748877],[7.684244,53.748472],[7.678819,53.74869],[7.669988,53.750719],[7.667608,53.751517],[7.658769,53.756394],[7.65373,53.758614],[7.644055,53.767385],[7.64154,53.773143],[7.641693,53.777262],[7.636986,53.783125],[7.633725,53.786093],[7.63094,53.78796],[7.627114,53.789668],[7.618104,53.790998],[7.613073,53.791205],[7.610882,53.793439],[7.610998,53.794231],[7.640794,53.805085],[7.654493,53.810897],[7.674426,53.818031],[7.698239,53.825854],[7.728026,53.834649],[7.738554,53.837465],[7.752702,53.84213],[7.811935,53.864325],[7.853462,53.878817],[7.88033,53.888625],[7.956522,53.912513],[7.971631,53.917668],[7.985348,53.922875],[8.018305,53.934088],[8.045362,53.941741],[8.09801,53.960477],[8.132692,53.971902],[8.172414,53.985611],[8.190461,53.991402],[8.199632,53.993985],[8.209091,54.007142],[8.213178,54.02049],[8.216565,54.029027],[8.222978,54.029857],[8.253834,54.03514],[8.270075,54.037551],[8.313327,54.046264],[8.354127,54.053395],[8.392241,54.061819],[8.399859,54.063024],[8.406335,54.064509],[8.434092,54.069201],[8.446614,54.07227],[8.461876,54.074278],[8.474263,54.075213],[8.495535,54.077516],[8.49478,54.077521],[8.493783,54.078609],[8.491798,54.076074],[8.489624,54.07684],[8.487522,54.078689],[8.484971,54.084066],[8.480129,54.092299],[8.475063,54.103202],[8.47509,54.104041],[8.481162,54.104052],[8.498589,54.102843],[8.499676,54.102035],[8.499792,54.101201],[8.498256,54.097304],[8.497053,54.090234],[8.493343,54.080374],[8.491573,54.073961],[8.490765,54.065587],[8.489399,54.059118],[8.490926,54.050826],[8.492283,54.046089],[8.495067,54.039772],[8.497771,54.036694],[8.516842,54.020723],[8.527819,54.014015],[8.548326,54.002877],[8.565915,53.993954],[8.572876,53.989121],[8.58803,53.979564],[8.598864,53.974883],[8.607604,53.971727],[8.628812,53.961187],[8.641532,53.955418],[8.652356,53.949192],[8.658923,53.944322],[8.667268,53.937544],[8.676816,53.927779],[8.678811,53.925203],[8.679799,53.921931],[8.679188,53.914396],[8.680661,53.910747],[8.687632,53.903778],[8.696875,53.888222],[8.70204,53.88197],[8.707475,53.877459],[8.708382,53.874226],[8.708041,53.873913],[8.707178,53.8743],[8.706415,53.873939],[8.704672,53.875293],[8.706181,53.874359]]}},{"type":"Feature","properties":{"name":"Cuxhaven – Gieselau","source":"2025/across-the-wadden-sea/2025.08.15 Cuxhaven - Gieselau.gpx","year":"2025","voyage_id":"2025/across-the-wadden-sea","voyage_title":"North Sea, Wadden Sea and Dutch canals","start":"2025-08-15T11:12:45Z","end":"2025-08-15T19:23:18Z","distance_nm":39.31,"duration_hours":8.18,"day_marks":[{"time":"2025-08-15T12:00:00Z","coordinates":[8.783566,53.849513],"distance_nm":3.36}],"segment_count":1,"original_points":24067,"simplified_points":98,"tolerance_m":20.0},"geometry":{"type":"LineString","coordinates":[[8.70725,53.874183],[8.707834,53.873849],[8.710232,53.873992],[8.711014,53.873594],[8.711975,53.873817],[8.715092,53.872421],[8.720257,53.87369],[8.726608,53.872984],[8.730147,53.872225],[8.740073,53.865806],[8.754338,53.858282],[8.764039,53.853879],[8.773732,53.851914],[8.78638,53.848786],[8.797599,53.847686],[8.820559,53.84435],[8.825095,53.844063],[8.82894,53.843431],[8.832632,53.843931],[8.835453,53.843782],[8.846861,53.844324],[8.849223,53.84469],[8.861943,53.84469],[8.864871,53.844828],[8.86886,53.845487],[8.872749,53.845498],[8.883672,53.846905],[8.887418,53.847001],[8.88996,53.847564],[8.897416,53.848467],[8.905608,53.849019],[8.911025,53.84979],[8.918876,53.850427],[8.930724,53.851101],[8.937183,53.852079],[8.951178,53.853327],[8.957196,53.85449],[8.981037,53.857846],[8.991286,53.858722],[9.025699,53.865753],[9.039209,53.868949],[9.052989,53.871694],[9.064882,53.875675],[9.076416,53.878584],[9.086127,53.880171],[9.101263,53.881806],[9.131562,53.884321],[9.142521,53.886407],[9.142781,53.886242],[9.142233,53.886386],[9.141919,53.886179],[9.142916,53.88585],[9.142323,53.887447],[9.14261,53.888174],[9.149716,53.893401],[9.152249,53.894881],[9.157279,53.899051],[9.166118,53.90442],[9.188854,53.916512],[9.198906,53.922907],[9.229824,53.94534],[9.234657,53.949325],[9.266106,53.972315],[9.27455,53.978161],[9.280514,53.982958],[9.284907,53.987162],[9.288554,53.991423],[9.292057,53.996923],[9.294662,54.003035],[9.297833,54.015914],[9.303834,54.035774],[9.306798,54.048997],[9.310436,54.059309],[9.311433,54.063394],[9.329354,54.097626],[9.330333,54.101027],[9.33045,54.103276],[9.330297,54.107287],[9.328608,54.118862],[9.329435,54.12388],[9.33115,54.127542],[9.333423,54.130976],[9.337555,54.135888],[9.342783,54.140165],[9.347993,54.143377],[9.352493,54.145318],[9.371564,54.152295],[9.382739,54.15587],[9.396249,54.15936],[9.402923,54.160788],[9.422937,54.166144],[9.438351,54.171109],[9.441729,54.172727],[9.442914,54.173707],[9.439761,54.178793],[9.439591,54.180295],[9.440543,54.182887],[9.440714,54.182634]]}},{"type":"Feature","properties":{"name":"Gieselau – Kiel","source":"2025/across-the-wadden-sea/2025.08.16 Gieselau - Kiel.gpx","year":"2025","voyage_id":"2025/across-the-wadden-sea","voyage_title":"North Sea, Wadden Sea and Dutch canals","start":"2025-08-16T04:04:01Z","end":"2025-08-16T11:08:50Z","distance_nm":37.33,"duration_hours":7.08,"day_marks":[],"segment_count":1,"original_points":24731,"simplified_points":99,"tolerance_m":20.0},"geometry":{"type":"LineString","coordinates":[[9.44048,54.182423],[9.439573,54.180569],[9.440031,54.177554],[9.442968,54.17396],[9.444486,54.173576],[9.528826,54.191285],[9.54371,54.195025],[9.549926,54.197079],[9.557697,54.200476],[9.58672,54.214278],[9.591166,54.2169],[9.596341,54.22069],[9.59193,54.217421],[9.601182,54.225027],[9.604048,54.228228],[9.604569,54.229475],[9.607309,54.232806],[9.633305,54.275306],[9.639224,54.28144],[9.646815,54.285729],[9.65542,54.288746],[9.690983,54.29461],[9.697523,54.295992],[9.702661,54.298068],[9.707161,54.300942],[9.711437,54.306158],[9.711949,54.307487],[9.711177,54.308139],[9.712811,54.309883],[9.714815,54.319305],[9.716198,54.321841],[9.718848,54.324441],[9.729717,54.330935],[9.73358,54.332515],[9.7568,54.343985],[9.764427,54.347837],[9.768128,54.350104],[9.770643,54.350907],[9.773805,54.35299],[9.782123,54.357297],[9.788132,54.359637],[9.797367,54.36193],[9.804077,54.362785],[9.812547,54.36311],[9.846323,54.363325],[9.851784,54.363173],[9.857731,54.362622],[9.862887,54.361704],[9.87673,54.35767],[9.924186,54.342562],[9.928686,54.341591],[9.936178,54.340615],[9.950299,54.340426],[9.969046,54.341869],[9.97784,54.343339],[9.986266,54.345249],[9.990919,54.346745],[9.995554,54.348787],[10.00813,54.355498],[10.015433,54.358347],[10.021532,54.359522],[10.028862,54.360356],[10.035078,54.360471],[10.046864,54.359401],[10.056233,54.35916],[10.059871,54.359559],[10.056233,54.35916],[10.064973,54.361111],[10.075025,54.367086],[10.079121,54.368718],[10.084762,54.370123],[10.09299,54.371036],[10.099521,54.371146],[10.116723,54.368843],[10.120604,54.369027],[10.126308,54.36856],[10.131886,54.368581],[10.13282,54.368114],[10.136701,54.367249],[10.137015,54.367716],[10.136288,54.366987],[10.137114,54.366394],[10.143671,54.365072],[10.143716,54.365382],[10.143698,54.365083],[10.14457,54.365308],[10.146079,54.365083],[10.151001,54.364049],[10.152286,54.363409],[10.154981,54.360052],[10.156607,54.356238],[10.157487,54.348304],[10.159849,54.341156],[10.162095,54.33767],[10.164287,54.335802],[10.169165,54.333214],[10.172407,54.330988],[10.175722,54.329801],[10.176216,54.330321]]}},{"type":"Feature","properties":{"name":"Kiel – Heiligenhafen","source":"2025/autumn-delivery/2025.10.06 Kiel - Heiligenhafen.gpx","year":"2025","voyage_id":"2025/autumn-delivery","voyage_title":"Autumn delivery to Lübeck","start":"2025-10-06T12:35:32Z","end":"2025-10-06T20:44:59Z","distance_nm":39.66,"duration_hours":8.16,"day_marks":[],"segment_count":1,"original_points":27528,"simplified_points":51,"tolerance_m":20.0},"geometry":{"type":"LineString","coordinates":[[10.176369,54.330274],[10.175533,54.329838],[10.172865,54.330647],[10.164646,54.335539],[10.166919,54.341434],[10.168239,54.347249],[10.17106,54.351164],[10.172596,54.350812],[10.175156,54.355041],[10.176351,54.361521],[10.180815,54.366651],[10.185046,54.370239],[10.191011,54.377146],[10.203766,54.396193],[10.204431,54.397996],[10.211132,54.408063],[10.212345,54.411506],[10.214833,54.414278],[10.231218,54.429364],[10.255238,54.444638],[10.287522,54.4638],[10.291591,54.46547],[10.330307,54.476593],[10.357363,54.473339],[10.433052,54.46255],[10.474957,54.459619],[10.566312,54.451313],[10.657604,54.441795],[10.680888,54.438329],[10.700937,54.436523],[10.730329,54.432606],[10.744845,54.431165],[10.758059,54.4295],[10.762236,54.429406],[10.801015,54.426541],[10.888893,54.418584],[10.94685,54.414581],[10.958977,54.410552],[10.970807,54.406187],[10.984632,54.402729],[11.020662,54.392172],[11.033444,54.388702],[11.036005,54.387281],[11.038744,54.385179],[11.038619,54.383265],[11.032582,54.376018],[11.03013,54.374413],[11.027606,54.373532],[11.007349,54.373102],[10.986482,54.374948],[10.983725,54.376018]]}},{"type":"Feature","properties":{"name":"Heiligenhafen – Grömitz","source":"2025/autumn-delivery/2025.10.08 Heiligenhafen - Grömitz.gpx","year":"2025","voyage_id":"2025/autumn-delivery","voyage_title":"Autumn delivery to Lübeck","start":"2025-10-08T06:48:52Z","end":"2025-10-08T13:07:03Z","distance_nm":26.68,"duration_hours":6.3,"day_marks":[{"time":"2025-10-08T12:00:00Z","coordinates":[11.016927,54.154932],"distance_nm":23.49}],"segment_count":1,"original_points":22687,"simplified_points":48,"tolerance_m":20.0},"geometry":{"type":"LineString","coordinates":[[10.983814,54.375945],[10.987821,54.374702],[11.005095,54.373333],[11.011077,54.373097],[11.027399,54.373385],[11.037002,54.379348],[11.053755,54.388314],[11.054222,54.38941],[11.057994,54.391748],[11.07146,54.399076],[11.093423,54.402356],[11.109376,54.402047],[11.112834,54.40157],[11.120991,54.399636],[11.128608,54.396528],[11.135552,54.3931],[11.151137,54.387181],[11.160749,54.38273],[11.166273,54.3795],[11.166444,54.378918],[11.16365,54.36748],[11.160183,54.358011],[11.158602,54.350576],[11.153544,54.334006],[11.149844,54.314163],[11.148649,54.304955],[11.14122,54.283385],[11.135902,54.258858],[11.13027,54.236116],[11.125285,54.209955],[11.124431,54.193102],[11.099495,54.183287],[11.098381,54.182882],[11.097716,54.182971],[11.095605,54.181865],[11.090566,54.181222],[11.08603,54.179652],[11.051518,54.167193],[11.048284,54.166455],[11.021192,54.156439],[10.956767,54.133509],[10.958636,54.132791],[10.958546,54.132533],[10.955968,54.132738],[10.948916,54.134606],[10.948701,54.134785],[10.950084,54.136088],[10.948656,54.136652]]}},{"type":"Feature","properties":{"name":"Grömitz – Marina am Stau","source":"2025/autumn-delivery/2025.10.09 Grömitz - Marina am Stau.gpx","year":"2025","voyage_id":"2025/autumn-delivery","voyage_title":"Autumn delivery to Lübeck","start":"2025-10-09T07:58:24Z","end":"2025-10-09T12:19:27Z","distance_nm":19.03,"duration_hours":4.35,"day_marks":[{"time":"2025-10-09T12:00:00Z","coordinates":[10.789383,53.895746],"distance_nm":18.24}],"segment_count":1,"original_points":15647,"simplified_points":62,"tolerance_m":20.0},"geometry":{"type":"LineString","coordinates":[[10.948692,54.1368],[10.950084,54.136093],[10.948818,54.135144],[10.948871,54.134717],[10.963316,54.128987],[10.957719,54.127901],[10.955977,54.124524],[10.952671,54.113848],[10.951674,54.112064],[10.951557,54.110718],[10.947955,54.102299],[10.947524,54.100356],[10.946257,54.098234],[10.945269,54.094025],[10.937975,54.077178],[10.934553,54.067695],[10.931373,54.055038],[10.927573,54.042405],[10.924618,54.029053],[10.920423,54.014882],[10.919893,54.012761],[10.920252,54.01174],[10.914791,54.002803],[10.912931,53.997399],[10.910389,53.994144],[10.90729,53.988914],[10.904919,53.979882],[10.899313,53.969254],[10.897616,53.966849],[10.898774,53.966193],[10.898056,53.966388],[10.89466,53.966108],[10.892962,53.962972],[10.890834,53.961717],[10.8868,53.960466],[10.879336,53.959243],[10.877252,53.958485],[10.875087,53.957155],[10.873479,53.956997],[10.872248,53.955746],[10.869329,53.954856],[10.865619,53.95243],[10.863068,53.949537],[10.862565,53.946617],[10.865583,53.940671],[10.866427,53.93686],[10.869419,53.930817],[10.870829,53.926385],[10.870712,53.921353],[10.868556,53.917716],[10.865466,53.915186],[10.861352,53.912911],[10.854166,53.909607],[10.847294,53.90696],[10.831529,53.899576],[10.82799,53.898239],[10.819735,53.896122],[10.813528,53.895029],[10.809351,53.894865],[10.782034,53.896122],[10.772422,53.895862],[10.768057,53.896557]]}},{"type":"Feature","properties":{"name":"Anchorage in NOK","source":"2025/day-sails/2025.07.05 Anchorage in NOK.gpx","year":"2025","voyage_id":"2025/day-sails","voyage_title":"Day sails from Kiel","start":"2025-07-05T07:35:00Z","end":"2025-07-06T08:48:00Z","distance_nm":21.1,"duration_hours":25.22,"day_marks":[],"segment_count":1,"original_points":53,"simplified_points":47,"tolerance_m":20.0},"geometry":{"type":"LineString","coordinates":[[10.176321,54.330331],[10.165765,54.335041],[10.15583,54.347756],[10.147676,54.351821],[10.155401,54.363763],[10.15199,54.367206],[10.15538,54.367378],[10.152031,54.366691],[10.155336,54.36755],[10.153298,54.366918],[10.154435,54.367378],[10.15184,54.367046],[10.156688,54.366788],[10.154886,54.367368],[10.153791,54.3668],[10.157718,54.366863],[10.15111,54.366638],[10.153341,54.367368],[10.147655,54.36489],[10.140766,54.365941],[10.132526,54.368698],[10.113773,54.370608],[10.092916,54.372346],[10.074248,54.36739],[10.057661,54.360726],[10.035903,54.361091],[10.016635,54.359225],[9.983418,54.345095],[9.964513,54.341995],[9.963376,54.339398],[9.96357,54.339816],[9.963333,54.339698],[9.980413,54.34413],[10.001893,54.352411],[10.0229,54.359868],[10.047383,54.3596],[10.069913,54.363945],[10.091693,54.371113],[10.132335,54.367883],[10.134351,54.368236],[10.135725,54.367443],[10.143578,54.365523],[10.15598,54.357723],[10.160465,54.345106],[10.167353,54.334366],[10.175978,54.329935],[10.176108,54.330481]]}},{"type":"Feature","properties":{"name":"Sinking in Kiel Bay","source":"2025/day-sails/2025.07.11 - Sinking in Kiel Bay.gpx","year":"2025","voyage_id":"2025/day-sails","voyage_title":"Day sails from Kiel","start":"2025-07-11T15:20:56Z","end":"2025-07-11T22:02:19Z","distance_nm":32.46,"duration_hours":6.69,"day_marks":[],"segment_count":1,"original_points":23655,"simplified_points":118,"tolerance_m":20.0},"geometry":{"type":"LineString","coordinates":[[10.164943,54.336936],[10.162607,54.340668],[10.160128,54.342825],[10.161044,54.344258],[10.161107,54.345937],[10.164817,54.350639],[10.166856,54.354464],[10.167099,54.359994],[10.169766,54.36695],[10.175497,54.37305],[10.19428,54.3892],[10.196122,54.391265],[10.200586,54.398399],[10.203991,54.402498],[10.206928,54.405312],[10.214537,54.41499],[10.220896,54.424006],[10.222406,54.424692],[10.236347,54.435884],[10.254717,54.446591],[10.279707,54.459148],[10.283237,54.460033],[10.288276,54.460242],[10.293945,54.461137],[10.301912,54.461613],[10.311596,54.463361],[10.314803,54.46367],[10.31341,54.463806],[10.31509,54.463575],[10.315369,54.462607],[10.325807,54.465355],[10.328951,54.465799],[10.334295,54.467155],[10.346287,54.465328],[10.360633,54.462419],[10.373218,54.460776],[10.381976,54.459907],[10.408942,54.457981],[10.425722,54.457154],[10.43943,54.455793],[10.439304,54.455464],[10.438361,54.455621],[10.437059,54.455369],[10.435837,54.454464],[10.434885,54.454652],[10.432073,54.454328],[10.43016,54.453454],[10.427833,54.453459],[10.420216,54.452601],[10.419039,54.452088],[10.413308,54.451569],[10.409589,54.450716],[10.403202,54.451192],[10.377637,54.456908],[10.370721,54.459101],[10.363813,54.46064],[10.346701,54.465669],[10.344266,54.467003],[10.340467,54.467735],[10.339631,54.46818],[10.340377,54.467861],[10.339694,54.468546],[10.338634,54.468389],[10.33443,54.46964],[10.33319,54.4693],[10.333334,54.468892],[10.333999,54.469106],[10.333882,54.469766],[10.330747,54.471487],[10.328573,54.471822],[10.320579,54.472052],[10.318387,54.472758],[10.315324,54.472957],[10.306574,54.472559],[10.304589,54.472711],[10.303089,54.472178],[10.301122,54.472314],[10.298643,54.472],[10.290621,54.469248],[10.285168,54.466757],[10.283551,54.465496],[10.278898,54.463183],[10.265766,54.457154],[10.264104,54.456662],[10.261876,54.456469],[10.258409,54.456322],[10.255229,54.456631],[10.25027,54.456191],[10.247701,54.452218],[10.247872,54.452407],[10.247504,54.4508],[10.244072,54.445649],[10.235979,54.435978],[10.22034,54.421863],[10.21415,54.416866],[10.213917,54.416064],[10.213324,54.415902],[10.212686,54.414859],[10.213028,54.414524],[10.211941,54.413628],[10.213063,54.414466],[10.21318,54.414288],[10.210423,54.411438],[10.210566,54.411658],[10.203605,54.400066],[10.197999,54.392817],[10.196167,54.388723],[10.193813,54.386343],[10.190085,54.378929],[10.183115,54.372767],[10.177213,54.368225],[10.174446,54.365298],[10.168248,54.350518],[10.164287,54.342531],[10.16302,54.338547],[10.166335,54.334442],[10.17035,54.331927],[10.173934,54.3303]]}},{"type":"Feature","properties":{"name":"Anchoring in NOK","source":"2025/day-sails/2025.07.12 Anchoring in NOK.gpx","year":"2025","voyage_id":"2025/day-sails","voyage_title":"Day sails from Kiel","start":"2025-07-12T15:25:45Z","end":"2025-07-13T18:10:00Z","distance_nm":19.78,"duration_hours":26.74,"day_marks":[],"segment_count":1,"original_points":50,"simplified_points":40,"tolerance_m":20.0},"geometry":{"type":"LineString","coordinates":[[10.171193,54.331416],[10.163533,54.339248],[10.1598,54.348141],[10.159843,54.35708],[10.161838,54.362873],[10.146925,54.369191],[10.149693,54.367121],[10.150186,54.36593],[10.150295,54.366885],[10.149156,54.365608],[10.14111,54.366466],[10.105276,54.371916],[10.077853,54.369675],[10.060108,54.361703],[10.037191,54.361048],[10.013586,54.358731],[9.995348,54.349558],[9.974748,54.344011],[9.963011,54.33868],[9.963076,54.339376],[9.966681,54.341855],[9.986035,54.345266],[10.002643,54.35268],[10.019703,54.359171],[10.040645,54.359976],[10.05616,54.359171],[10.072275,54.36547],[10.090578,54.37079],[10.110405,54.369728],[10.125338,54.367453],[10.13227,54.368451],[10.133836,54.36695],[10.143921,54.365985],[10.143856,54.365695],[10.14759,54.365146],[10.156988,54.354193],[10.16465,54.335288],[10.174928,54.330106],[10.176215,54.330331],[10.175443,54.330621]]}},{"type":"Feature","properties":{"name":"Lübeck – Bärhöft","source":"2025/the-way-to-bornholm/2025.04.21 Lübeck - Barhöft.gpx","year":"2025","voyage_id":"2025/the-way-to-bornholm","voyage_title":"Bornholm and Christiansø","start":"2025-04-21T08:22:40Z","end":"2025-04-22T05:48:03Z","distance_nm":98.57,"duration_hours":21.42,"day_marks":[{"time":"2025-04-21T12:00:00Z","coordinates":[11.102674,54.056064],"distance_nm":17.4}],"segment_count":1,"original_points":74577,"simplified_points":92,"tolerance_m":20.0},"geometry":{"type":"LineString","coordinates":[[10.768146,53.896706],[10.768721,53.896977],[10.774147,53.895905],[10.789023,53.894817],[10.809934,53.893915],[10.814471,53.894191],[10.824558,53.895974],[10.828673,53.897194],[10.841123,53.90269],[10.855154,53.909655],[10.863014,53.912625],[10.867712,53.915383],[10.869535,53.91691],[10.872616,53.920786],[10.87267,53.922499],[10.871547,53.926496],[10.866472,53.936574],[10.862493,53.947433],[10.862637,53.949537],[10.864083,53.951561],[10.869068,53.955185],[10.874521,53.95714],[10.890052,53.961245],[10.898783,53.964762],[10.948683,53.995526],[10.950434,53.996251],[10.9601,53.998627],[10.974823,54.004724],[10.99657,54.013189],[11.030516,54.026964],[11.085464,54.051006],[11.149853,54.069702],[11.186583,54.080939],[11.253092,54.100335],[11.279277,54.108459],[11.301491,54.114846],[11.381815,54.139132],[11.494289,54.170645],[11.584359,54.196568],[11.631869,54.211861],[11.673496,54.225727],[11.709813,54.236853],[11.754574,54.249317],[11.806693,54.263218],[11.826509,54.269112],[11.881079,54.286276],[11.899898,54.29161],[11.903761,54.292177],[11.973584,54.312714],[12.008752,54.322403],[12.05124,54.338122],[12.057115,54.339985],[12.108236,54.358284],[12.156698,54.374634],[12.22874,54.403604],[12.23855,54.407351],[12.241442,54.40789],[12.279835,54.422319],[12.342067,54.448921],[12.368549,54.459876],[12.41667,54.478157],[12.449106,54.49152],[12.472318,54.499954],[12.512291,54.515647],[12.519208,54.51596],[12.543058,54.516112],[12.558014,54.51664],[12.600997,54.516274],[12.630595,54.515291],[12.655378,54.513619],[12.700867,54.512098],[12.739763,54.512176],[12.765543,54.512636],[12.858012,54.513331],[12.919976,54.514392],[12.97116,54.513786],[13.041729,54.513807],[13.050083,54.511032],[13.051691,54.510227],[13.052544,54.509359],[13.053487,54.505836],[13.056505,54.478842],[13.057844,54.473213],[13.059604,54.461697],[13.062416,54.457489],[13.066503,54.452988],[13.067527,54.450601],[13.066728,54.447455],[13.065201,54.445356],[13.056685,54.441905],[13.048268,54.43956],[13.039672,54.43769]]}},{"type":"Feature","properties":{"name":"Bärhöft – Rønne","source":"2025/the-way-to-bornholm/2025.04.23 Barhöft – Rønne .gpx","year":"2025","voyage_id":"2025/the-way-to-bornholm","voyage_title":"Bornholm and Christiansø","start":"2025-04-23T07:27:07Z","end":"2025-04-23T23:01:49Z","distance_nm":76.22,"duration_hours":15.58,"day_marks":[{"time":"2025-04-23T12:00:00Z","coordinates":[13.313205,54.712443],"distance_nm":21.76}],"segment_count":1,"original_points":54944,"simplified_points":63,"tolerance_m":20.0},"geometry":{"type":"LineString","coordinates":[[13.032288,54.434239],[13.038109,54.436983],[13.054897,54.441094],[13.063871,54.444382],[13.065758,54.445403],[13.067689,54.449339],[13.066413,54.452977],[13.059973,54.460174],[13.058544,54.46446],[13.057889,54.470341],[13.056541,54.475426],[13.052921,54.509976],[13.063521,54.562123],[13.067357,54.588634],[13.068012,54.59784],[13.09735,54.612671],[13.120687,54.623321],[13.146091,54.633604],[13.204182,54.655938],[13.229289,54.66629],[13.237329,54.670174],[13.257855,54.681122],[13.281902,54.69562],[13.310844,54.711279],[13.351599,54.731443],[13.377003,54.74451],[13.420946,54.768388],[13.420021,54.767977],[13.42056,54.767848],[13.420443,54.768564],[13.422887,54.769099],[13.433837,54.773716],[13.469579,54.79494],[13.477421,54.79918],[13.496635,54.811846],[13.515877,54.825172],[13.535809,54.834263],[13.578253,54.852557],[13.625709,54.862144],[13.668171,54.871134],[13.697688,54.877676],[13.744444,54.888598],[13.835494,54.911272],[13.885258,54.92486],[13.899828,54.928523],[13.903053,54.928823],[13.90423,54.92964],[13.910239,54.931337],[13.950321,54.939623],[14.022614,54.955471],[14.100208,54.971095],[14.190745,54.993434],[14.278902,55.013049],[14.343668,55.026438],[14.380372,55.033321],[14.432948,55.0445],[14.473254,55.053969],[14.531867,55.069602],[14.589213,55.084084],[14.64134,55.095862],[14.690907,55.10656],[14.694231,55.10691],[14.69477,55.106519]]}},{"type":"Feature","properties":{"name":"Rønne – Christiansø","source":"2025/the-way-to-bornholm/2025.04.26 Rønne – Christiansø.gpx","year":"2025","voyage_id":"2025/the-way-to-bornholm","voyage_title":"Bornholm and Christiansø","start":"2025-04-26T05:43:42Z","end":"2025-04-26T11:45:27Z","distance_nm":27.75,"duration_hours":6.03,"day_marks":[],"segment_count":1,"original_points":21511,"simplified_points":31,"tolerance_m":20.0},"geometry":{"type":"LineString","coordinates":[[14.69336,55.105164],[14.694384,55.105617],[14.694788,55.106374],[14.694447,55.106823],[14.692623,55.107162],[14.686308,55.106354],[14.668639,55.112698],[14.66748,55.113378],[14.667202,55.114094],[14.670274,55.126558],[14.681556,55.164985],[14.699432,55.220516],[14.707696,55.231766],[14.7293,55.264978],[14.741202,55.280127],[14.746062,55.285331],[14.751182,55.289889],[14.768375,55.300058],[14.785469,55.300504],[14.807693,55.302211],[14.828021,55.303323],[14.877067,55.304455],[14.895976,55.305157],[14.949585,55.307688],[14.993583,55.310194],[15.08068,55.313365],[15.118066,55.31566],[15.146919,55.318032],[15.184341,55.31795],[15.185922,55.318304],[15.18621,55.319651]]}},{"type":"Feature","properties":{"name":"Christiansø – Gedser","source":"2025/the-way-to-bornholm/2025.04.28 Christiansø - Gedser.gpx","year":"2025","voyage_id":"2025/the-way-to-bornholm","voyage_title":"Bornholm and Christiansø","start":"2025-04-27T04:47:23Z","end":"2025-04-28T04:47:04Z","distance_nm":129.75,"duration_hours":23.99,"day_marks":[{"time":"2025-04-27T12:00:00Z","coordinates":[14.28106,55.047116],"distance_nm":37.86}],"segment_count":1,"original_points":86376,"simplified_points":108,"tolerance_m":20.0},"geometry":{"type":"LineString","coordinates":[[15.186075,55.319728],[15.185994,55.318365],[15.184925,55.31793],[15.16987,55.318365],[15.152309,55.318094],[15.109685,55.31836],[15.045674,55.318012],[14.957265,55.319144],[14.898051,55.318883],[14.854457,55.317838],[14.812391,55.318145],[14.777987,55.31669],[14.773172,55.316362],[14.769938,55.315748],[14.744427,55.302375],[14.707723,55.285419],[14.644287,55.248303],[14.63613,55.242622],[14.607251,55.225142],[14.578542,55.206951],[14.563585,55.199024],[14.531867,55.18316],[14.491346,55.159734],[14.442829,55.13366],[14.41589,55.118516],[14.307827,55.061626],[14.273621,55.043097],[14.193054,55.001417],[14.152496,54.992938],[14.105948,54.982307],[14.0442,54.969602],[14.018195,54.963927],[13.967568,54.95362],[13.955405,54.951588],[13.909656,54.942617],[13.892804,54.939628],[13.883956,54.937621],[13.868793,54.934746],[13.835835,54.927426],[13.82272,54.924048],[13.801889,54.919361],[13.781705,54.914201],[13.770692,54.911692],[13.759813,54.908648],[13.699009,54.893553],[13.670884,54.886107],[13.666069,54.884497],[13.647367,54.879991],[13.628629,54.874604],[13.587128,54.863999],[13.560288,54.857869],[13.526189,54.850531],[13.468052,54.836539],[13.430387,54.828626],[13.420955,54.82624],[13.405442,54.822973],[13.380389,54.817112],[13.323258,54.802242],[13.305446,54.797005],[13.275192,54.788742],[13.257271,54.78436],[13.222669,54.776655],[13.191427,54.769167],[13.166832,54.763775],[13.124128,54.753333],[13.121244,54.753578],[13.118091,54.753354],[13.102434,54.749405],[13.045438,54.73778],[13.007289,54.728844],[12.933459,54.713255],[12.890638,54.703393],[12.774463,54.671106],[12.72486,54.656521],[12.670461,54.639555],[12.517906,54.590866],[12.478076,54.578047],[12.424512,54.560322],[12.415987,54.557665],[12.411702,54.556866],[12.390628,54.550115],[12.375519,54.545044],[12.366941,54.541566],[12.328944,54.524562],[12.291207,54.507122],[12.289168,54.507106],[12.277499,54.50835],[12.244631,54.512647],[12.241999,54.514957],[12.239349,54.518976],[12.238298,54.519911],[12.235855,54.521463],[12.231031,54.523621],[12.226046,54.525],[12.179137,54.528292],[11.996185,54.543331],[11.968931,54.552099],[11.962742,54.554276],[11.961242,54.555138],[11.951936,54.558307],[11.933072,54.566111],[11.927008,54.569154],[11.922355,54.571988],[11.917136,54.573758],[11.915537,54.575386],[11.915411,54.578642],[11.919121,54.580807],[11.920002,54.580927]]}},{"type":"Feature","properties":{"name":"Gedser – Heiligenhafen","source":"2025/the-way-to-bornholm/2025.04.29 Gedser - Heiligenhafen.gpx","year":"2025","voyage_id":"2025/the-way-to-bornholm","voyage_title":"Bornholm and Christiansø","start":"2025-04-29T06:18:16Z","end":"2025-04-29T15:23:25Z","distance_nm":40.16,"duration_hours":9.09,"day_marks":[{"time":"2025-04-29T12:00:00Z","coordinates":[11.3537,54.380502],"distance_nm":25.97}],"segment_count":1,"original_points":32704,"simplified_points":69,"tolerance_m":20.0},"geometry":{"type":"LineString","coordinates":[[11.921439,54.58014],[11.919723,54.580959],[11.916409,54.579331],[11.915843,54.578814],[11.915133,54.575819],[11.917684,54.573465],[11.921969,54.572239],[11.925158,54.570209],[11.926245,54.568784],[11.929128,54.559304],[11.927925,54.556741],[11.920909,54.55201],[11.912133,54.548277],[11.899422,54.543765],[11.89255,54.540479],[11.87622,54.535005],[11.864201,54.53011],[11.859898,54.528783],[11.845588,54.523318],[11.811741,54.506876],[11.788458,54.49459],[11.765722,54.481337],[11.739169,54.46649],[11.7041,54.44756],[11.703193,54.446931],[11.695333,54.436842],[11.681544,54.431626],[11.632938,54.414571],[11.611254,54.406198],[11.595103,54.400595],[11.589776,54.399694],[11.53172,54.394798],[11.452699,54.39115],[11.449123,54.390799],[11.448441,54.390463],[11.451288,54.388214],[11.451028,54.387795],[11.448872,54.387868],[11.445171,54.387365],[11.444084,54.387554],[11.415124,54.38705],[11.412132,54.386589],[11.397131,54.386023],[11.370165,54.382924],[11.353394,54.380454],[11.318433,54.380423],[11.247469,54.378724],[11.192404,54.378116],[11.175319,54.379511],[11.165123,54.381744],[11.149017,54.387669],[11.135983,54.393032],[11.126875,54.397189],[11.11888,54.400297],[11.113337,54.401801],[11.103995,54.40277],[11.095309,54.401801],[11.071496,54.400423],[11.067885,54.398017],[11.036669,54.381367],[11.034136,54.378834],[11.03154,54.377403],[11.029923,54.375682],[11.026932,54.373611],[11.010233,54.373055],[11.00302,54.373375],[10.99083,54.374466],[10.985629,54.375268],[10.983716,54.376013]]}},{"type":"Feature","properties":{"name":"Heiligenhafen – Dietrichsdorf","source":"2025/the-way-to-bornholm/2025.04.30 Heiligenhafen - Dietriechsdorf.gpx","year":"2025","voyage_id":"2025/the-way-to-bornholm","voyage_title":"Bornholm and Christiansø","start":"2025-04-30T07:30:36Z","end":"2025-04-30T17:05:22Z","distance_nm":46.78,"duration_hours":9.58,"day_marks":[{"time":"2025-04-30T12:00:00Z","coordinates":[10.693178,54.555728],"distance_nm":22.07}],"segment_count":1,"original_points":33666,"simplified_points":63,"tolerance_m":20.0},"geometry":{"type":"LineString","coordinates":[[10.983886,54.375939],[10.987444,54.374765],[11.002041,54.37349],[11.012685,54.373003],[11.026914,54.373454],[11.03278,54.378803],[11.033651,54.381314],[11.018515,54.39538],[11.008454,54.404311],[10.995088,54.415367],[10.9918,54.419055],[10.979188,54.429783],[10.957746,54.449036],[10.935056,54.482195],[10.870676,54.469033],[10.869895,54.470341],[10.869275,54.473956],[10.860606,54.488801],[10.852118,54.505731],[10.84132,54.518312],[10.82755,54.531981],[10.818639,54.539424],[10.812207,54.543937],[10.792274,54.556375],[10.764203,54.575939],[10.733302,54.559268],[10.721939,54.558735],[10.704063,54.557117],[10.646367,54.54988],[10.6066,54.545619],[10.5386,54.530972],[10.526949,54.527806],[10.525018,54.526568],[10.52359,54.526134],[10.460998,54.508956],[10.423072,54.496634],[10.401505,54.489256],[10.341661,54.470467],[10.310796,54.459672],[10.294151,54.452601],[10.236176,54.426551],[10.223834,54.419736],[10.218327,54.415451],[10.215668,54.414147],[10.214276,54.413062],[10.209955,54.407759],[10.205033,54.399495],[10.202401,54.395936],[10.19888,54.392565],[10.195772,54.390463],[10.190355,54.382767],[10.186915,54.378881],[10.182872,54.371088],[10.175911,54.36236],[10.175408,54.358892],[10.173764,54.35554],[10.171276,54.348293],[10.166452,54.338699],[10.166991,54.335245],[10.168158,54.333817],[10.173521,54.330526],[10.175192,54.329932],[10.176279,54.330337]]}},{"type":"Feature","properties":{"name":"Garmin quatix 7 Test 1","source":"2026/day-sails/Garmin Quantix 7 Test 1.gpx","year":"2026","voyage_id":"2026/day-sails","voyage_title":"Final day sails","start":"2026-08-09T10:23:12Z","end":"2026-08-09T17:15:57Z","distance_nm":14.06,"duration_hours":6.88,"day_marks":[],"segment_count":1,"original_points":111,"simplified_points":55,"tolerance_m":20.0},"geometry":{"type":"LineString","coordinates":[[10.167496,54.333854],[10.16508,54.335762],[10.165989,54.34141],[10.168154,54.348955],[10.171755,54.356682],[10.174733,54.361838],[10.178873,54.367249],[10.183338,54.371668],[10.191602,54.382257],[10.192995,54.386565],[10.195944,54.392835],[10.197769,54.398575],[10.198233,54.402892],[10.200309,54.408196],[10.19958,54.4107],[10.199827,54.413958],[10.192863,54.416052],[10.189917,54.416155],[10.190249,54.416723],[10.188975,54.418893],[10.185209,54.422845],[10.180931,54.425857],[10.177737,54.429164],[10.176382,54.429694],[10.173322,54.429972],[10.172121,54.431273],[10.171452,54.431148],[10.171436,54.430684],[10.171809,54.430854],[10.171866,54.430596],[10.169778,54.429886],[10.171328,54.427914],[10.170894,54.427421],[10.171148,54.427092],[10.17165,54.426939],[10.171194,54.431201],[10.172041,54.431203],[10.173012,54.430259],[10.182516,54.425623],[10.194361,54.416236],[10.196327,54.41412],[10.196904,54.41269],[10.198096,54.406473],[10.198109,54.40131],[10.195528,54.389919],[10.187299,54.378731],[10.184935,54.376463],[10.180819,54.371328],[10.169156,54.349819],[10.166337,54.336035],[10.166581,54.335055],[10.167013,54.334349],[10.169789,54.332291],[10.173791,54.330277],[10.175938,54.329577]]}},{"type":"Feature","properties":{"name":"Garmin quatix 7 Test 2","source":"2026/day-sails/Garmin Quantix 7 Test 2.gpx","year":"2026","voyage_id":"2026/day-sails","voyage_title":"Final day sails","start":"2026-08-16T10:48:57Z","end":"2026-08-16T12:57:37Z","distance_nm":8.82,"duration_hours":2.14,"day_marks":[{"time":"2026-08-16T12:00:00Z","coordinates":[10.201215,54.393121],"distance_nm":4.3}],"segment_count":1,"original_points":73,"simplified_points":36,"tolerance_m":20.0},"geometry":{"type":"LineString","coordinates":[[10.176165,54.330053],[10.175478,54.329826],[10.169567,54.331882],[10.166428,54.33419],[10.164962,54.337123],[10.166062,54.342155],[10.167692,54.346091],[10.168762,54.347117],[10.171385,54.351684],[10.174246,54.359453],[10.177675,54.367053],[10.184258,54.377054],[10.184592,54.378257],[10.187869,54.381238],[10.19314,54.384583],[10.195005,54.385178],[10.196588,54.388492],[10.202311,54.394041],[10.202691,54.394989],[10.197204,54.391044],[10.189473,54.381992],[10.188619,54.380325],[10.188697,54.378151],[10.186235,54.373485],[10.182108,54.367955],[10.177415,54.363987],[10.175185,54.36124],[10.167921,54.349545],[10.166094,54.342273],[10.166602,54.339301],[10.166466,54.335522],[10.167928,54.333832],[10.171972,54.331256],[10.175185,54.329769],[10.175698,54.329746],[10.176188,54.330188]]}},{"type":"Feature","properties":{"name":"The last trip to a new owner","source":"2026/day-sails/The last trip to a new owner.gpx","year":"2026","voyage_id":"2026/day-sails","voyage_title":"Final day sails","start":"2026-08-21T18:39:09Z","end":"2026-08-22T03:34:49Z","distance_nm":43.23,"duration_hours":8.93,"day_marks":[],"segment_count":1,"original_points":108,"simplified_points":69,"tolerance_m":20.0},"geometry":{"type":"LineString","coordinates":[[10.17595,54.32992],[10.175304,54.329846],[10.17365,54.33037],[10.167839,54.333125],[10.166667,54.334364],[10.166233,54.340019],[10.168154,54.348666],[10.176177,54.359881],[10.176356,54.362436],[10.179963,54.367517],[10.183008,54.373277],[10.193372,54.383445],[10.200233,54.392244],[10.204151,54.397999],[10.211732,54.407792],[10.213805,54.413462],[10.228437,54.428818],[10.229863,54.429541],[10.240549,54.432772],[10.250677,54.435491],[10.269075,54.438509],[10.279735,54.439879],[10.311274,54.445353],[10.340034,54.449594],[10.344235,54.449813],[10.363205,54.449611],[10.37809,54.447942],[10.420413,54.444531],[10.449571,54.443433],[10.477021,54.44154],[10.483277,54.440798],[10.511422,54.43864],[10.532474,54.436491],[10.583532,54.43221],[10.598294,54.430536],[10.609869,54.429604],[10.630026,54.42728],[10.664767,54.424269],[10.679047,54.424134],[10.703713,54.423351],[10.722868,54.424197],[10.752527,54.424262],[10.792345,54.423334],[10.813259,54.4224],[10.827719,54.42209],[10.856122,54.422263],[10.878865,54.42133],[10.928567,54.417708],[10.949362,54.417175],[10.997837,54.412893],[11.0189,54.411638],[11.035603,54.409734],[11.075788,54.405837],[11.088984,54.404925],[11.113973,54.401934],[11.12179,54.399101],[11.134395,54.393608],[11.165125,54.38146],[11.176682,54.383041],[11.183137,54.384191],[11.186618,54.385189],[11.188926,54.386804],[11.195452,54.394012],[11.198417,54.399108],[11.199404,54.404441],[11.193022,54.408506],[11.1914,54.410092],[11.19034,54.419153],[11.189123,54.420044]]}},{"type":"Feature","properties":{"name":"Kiel – Sønderborg","source":"2026/gastrosailing/2026.05.14 Kiel - Sønderborg.gpx","year":"2026","voyage_id":"2026/gastrosailing","voyage_title":"Gastro flotilla around Denmark","start":"2026-05-14T01:57:03Z","end":"2026-05-14T11:09:41Z","distance_nm":42.13,"duration_hours":9.21,"day_marks":[],"segment_count":1,"original_points":33151,"simplified_points":101,"tolerance_m":20.0},"geometry":{"type":"LineString","coordinates":[[10.176333,54.330253],[10.175857,54.32989],[10.174626,54.33009],[10.167628,54.333124],[10.166479,54.333901],[10.16629,54.337345],[10.169569,54.350366],[10.171374,54.35437],[10.174635,54.359233],[10.175479,54.362407],[10.189196,54.376684],[10.191981,54.380617],[10.197101,54.386117],[10.20135,54.392628],[10.203146,54.399049],[10.20391,54.404149],[10.206497,54.412056],[10.208788,54.417704],[10.209794,54.418977],[10.212075,54.426106],[10.216648,54.434349],[10.222028,54.448528],[10.225424,54.454961],[10.225163,54.462749],[10.222073,54.468667],[10.214213,54.479423],[10.209461,54.487551],[10.204162,54.494836],[10.194972,54.508894],[10.180115,54.527759],[10.166991,54.549065],[10.1609,54.556856],[10.159526,54.558041],[10.157963,54.560949],[10.157936,54.562645],[10.155439,54.567834],[10.152124,54.577864],[10.145324,54.592003],[10.132649,54.621033],[10.13123,54.625536],[10.128374,54.631936],[10.125724,54.643108],[10.124718,54.644749],[10.117055,54.651912],[10.107947,54.663296],[10.092056,54.677187],[10.08619,54.684672],[10.07789,54.693086],[10.074145,54.696011],[10.067659,54.702399],[10.06058,54.708309],[10.054867,54.714228],[10.051104,54.716864],[10.045588,54.721638],[10.025772,54.739828],[10.007896,54.754227],[10.000234,54.759209],[9.992518,54.764819],[9.988925,54.768653],[9.984397,54.775856],[9.981855,54.778109],[9.976232,54.781271],[9.973708,54.783945],[9.970178,54.786556],[9.96768,54.789126],[9.965345,54.792038],[9.964357,54.794685],[9.962569,54.797099],[9.957206,54.801785],[9.951844,54.805002],[9.949499,54.807415],[9.942358,54.812884],[9.93792,54.819285],[9.935971,54.823912],[9.931453,54.831924],[9.927626,54.841739],[9.923242,54.839702],[9.919712,54.837291],[9.913146,54.831525],[9.902411,54.822999],[9.897866,54.828548],[9.882586,54.833537],[9.867522,54.840459],[9.856815,54.843989],[9.848101,54.847473],[9.840834,54.85121],[9.83504,54.855579],[9.832112,54.859274],[9.829579,54.863528],[9.822689,54.870481],[9.810203,54.881498],[9.802262,54.887459],[9.797699,54.891633],[9.798049,54.892083],[9.802397,54.893616],[9.800816,54.89345],[9.795965,54.894879],[9.792067,54.896562],[9.790665,54.897871],[9.79115,54.898089],[9.791653,54.897789]]}},{"type":"Feature","properties":{"name":"Sønderborg – Marstal","source":"2026/gastrosailing/2026.05.15 Sønderborg – Marstal.gpx","year":"2026","voyage_id":"2026/gastrosailing","voyage_title":"Gastro flotilla around Denmark","start":"2026-05-15T06:36:47Z","end":"2026-05-15T12:05:46Z","distance_nm":30.11,"duration_hours":5.48,"day_marks":[{"time":"2026-05-15T12:00:00Z","coordinates":[10.522916,54.855678],"distance_nm":29.77}],"segment_count":1,"original_points":19737,"simplified_points":65,"tolerance_m":20.0},"geometry":{"type":"LineString","coordinates":[[9.793306,54.898311],[9.792255,54.897944],[9.7923,54.897623],[9.790764,54.898358],[9.790108,54.898342],[9.790144,54.898648],[9.790719,54.895547],[9.796747,54.892746],[9.800969,54.890235],[9.814712,54.884383],[9.820533,54.882337],[9.828393,54.878769],[9.837618,54.875697],[9.84758,54.870983],[9.857192,54.867859],[9.866597,54.863958],[9.882101,54.858356],[9.895324,54.854553],[9.908645,54.850101],[9.914906,54.848338],[9.92291,54.846581],[9.955248,54.843398],[9.969216,54.84176],[10.011256,54.838696],[10.025664,54.837042],[10.035959,54.836529],[10.053789,54.834942],[10.066168,54.834175],[10.082292,54.832671],[10.086622,54.831971],[10.100554,54.830851],[10.107794,54.830431],[10.125562,54.830073],[10.144911,54.828844],[10.17494,54.827444],[10.220923,54.823341],[10.247611,54.821438],[10.266053,54.818549],[10.281081,54.818025],[10.302936,54.816084],[10.313527,54.815472],[10.320543,54.815488],[10.342398,54.813615],[10.371125,54.813278],[10.382883,54.811815],[10.400022,54.811104],[10.413506,54.809428],[10.415814,54.808863],[10.419785,54.808728],[10.426091,54.809247],[10.431974,54.810513],[10.451494,54.818108],[10.459677,54.820862],[10.495222,54.828854],[10.512936,54.833749],[10.52403,54.836145],[10.537576,54.839743],[10.542094,54.841568],[10.544466,54.844673],[10.542112,54.847203],[10.529375,54.855688],[10.527578,54.856289],[10.523033,54.856916],[10.522683,54.856289],[10.524659,54.850308]]}},{"type":"Feature","properties":{"name":"Marstal – Kiel","source":"2026/gastrosailing/2026.05.17 Marstal - Kiel.gpx","year":"2026","voyage_id":"2026/gastrosailing","voyage_title":"Gastro flotilla around Denmark","start":"2026-05-17T09:40:54Z","end":"2026-05-17T16:58:52Z","distance_nm":35.49,"duration_hours":7.3,"day_marks":[{"time":"2026-05-17T12:00:00Z","coordinates":[10.429721,54.70419],"distance_nm":10.78}],"segment_count":1,"original_points":26271,"simplified_points":61,"tolerance_m":20.0},"geometry":{"type":"LineString","coordinates":[[10.522566,54.855361],[10.522799,54.85633],[10.523545,54.856652],[10.528315,54.855724],[10.542588,54.846762],[10.545265,54.84444],[10.549694,54.836518],[10.528827,54.82025],[10.509846,54.804022],[10.503675,54.796523],[10.490991,54.783229],[10.483742,54.776723],[10.472496,54.763536],[10.461465,54.752726],[10.459291,54.750169],[10.457467,54.747098],[10.455078,54.741423],[10.450281,54.732208],[10.437409,54.715647],[10.432361,54.707503],[10.427025,54.70022],[10.414548,54.684838],[10.403139,54.673022],[10.395711,54.664239],[10.389935,54.656214],[10.383656,54.646176],[10.369813,54.630373],[10.361289,54.618124],[10.359043,54.615585],[10.352027,54.612874],[10.343323,54.605762],[10.333038,54.593036],[10.322384,54.576889],[10.308362,54.558605],[10.301598,54.548245],[10.281863,54.523752],[10.276707,54.515438],[10.269664,54.506787],[10.262208,54.491944],[10.25654,54.483179],[10.250917,54.472057],[10.244099,54.460964],[10.231397,54.443146],[10.22917,54.441],[10.22502,54.434669],[10.224247,54.433684],[10.222451,54.432532],[10.215004,54.421203],[10.197811,54.393027],[10.196311,54.390846],[10.193777,54.388445],[10.184588,54.375394],[10.179791,54.367716],[10.177294,54.36502],[10.170988,54.353551],[10.169236,54.348461],[10.168132,54.34177],[10.165922,54.336132],[10.168805,54.333366],[10.173584,54.330547],[10.174985,54.330095]]}},{"type":"Feature","properties":{"name":"Kiel – Grenaa","source":"2026/skagerrak-exploring/2026.06.11 Kiel - Grenaa .gpx","year":"2026","voyage_id":"2026/skagerrak-exploring","voyage_title":"Skagerrak and Oslo circuit","start":"2026-06-11T19:50:12Z","end":"2026-06-12T21:41:45Z","distance_nm":141.45,"duration_hours":25.86,"day_marks":[{"time":"2026-06-12T12:00:00Z","coordinates":[10.801869,55.54585],"distance_nm":86.79}],"segment_count":1,"original_points":92894,"simplified_points":240,"tolerance_m":20.0},"geometry":{"type":"LineString","coordinates":[[10.176099,54.329848],[10.174222,54.330253],[10.169739,54.332442],[10.167081,54.33304],[10.165706,54.333859],[10.165041,54.335277],[10.165365,54.33777],[10.167844,54.342888],[10.169883,54.349154],[10.177267,54.364532],[10.179297,54.367291],[10.182765,54.370548],[10.184139,54.373653],[10.186223,54.376522],[10.192735,54.381404],[10.199158,54.387569],[10.201098,54.392702],[10.211375,54.410516],[10.212632,54.411857],[10.215597,54.416719],[10.218166,54.422717],[10.220331,54.426467],[10.222639,54.429249],[10.224382,54.432291],[10.224741,54.435119],[10.226645,54.439549],[10.227975,54.444534],[10.238503,54.454616],[10.241225,54.459959],[10.242886,54.461911],[10.24489,54.467338],[10.24957,54.476494],[10.252821,54.481296],[10.256486,54.487896],[10.259523,54.492059],[10.263601,54.499447],[10.268191,54.505418],[10.273787,54.50812],[10.295553,54.516284],[10.342263,54.535804],[10.356312,54.54273],[10.364352,54.545775],[10.374143,54.550235],[10.39263,54.557644],[10.409805,54.563663],[10.42424,54.569713],[10.453174,54.58111],[10.468651,54.588514],[10.480347,54.59337],[10.494243,54.600067],[10.517526,54.609188],[10.563959,54.632333],[10.572896,54.635897],[10.58699,54.6423],[10.611406,54.651849],[10.642235,54.664713],[10.656679,54.670044],[10.663955,54.673069],[10.703111,54.691276],[10.721939,54.699164],[10.731101,54.702847],[10.741548,54.705937],[10.792059,54.718794],[10.798041,54.720697],[10.798966,54.720676],[10.800206,54.721534],[10.810761,54.732379],[10.814363,54.737806],[10.820822,54.745201],[10.829777,54.757713],[10.832284,54.76779],[10.833011,54.772787],[10.832769,54.774235],[10.829957,54.784584],[10.829616,54.789552],[10.824289,54.801359],[10.824406,54.806139],[10.823525,54.810253],[10.823166,54.81542],[10.823867,54.824482],[10.824145,54.840376],[10.825538,54.854589],[10.825717,54.861828],[10.827738,54.881022],[10.831915,54.889033],[10.834368,54.895386],[10.837826,54.902096],[10.846216,54.913379],[10.852459,54.919169],[10.85934,54.9268],[10.863984,54.933153],[10.866481,54.935666],[10.868844,54.940326],[10.877099,54.952198],[10.882578,54.958055],[10.891642,54.968987],[10.904658,54.982028],[10.915006,54.993614],[10.922067,55.011573],[10.929828,55.026283],[10.933241,55.034714],[10.939772,55.047218],[10.942718,55.053856],[10.951944,55.06855],[10.955662,55.076905],[10.960971,55.085877],[10.965256,55.110577],[10.969676,55.129291],[10.973403,55.13629],[10.97732,55.146715],[10.98173,55.155023],[10.986599,55.167628],[10.982153,55.175007],[10.977032,55.181176],[10.96663,55.195802],[10.964924,55.197323],[10.96266,55.19852],[10.959732,55.201166],[10.953462,55.204984],[10.952411,55.206098],[10.945718,55.222216],[10.945036,55.227032],[10.942592,55.236504],[10.941398,55.239389],[10.936942,55.24719],[10.936502,55.251982],[10.935236,55.257159],[10.926064,55.267281],[10.918599,55.277676],[10.910452,55.290545],[10.90641,55.295225],[10.904595,55.299612],[10.901424,55.303978],[10.900373,55.307304],[10.898038,55.310317],[10.896259,55.315604],[10.888741,55.33159],[10.887726,55.335906],[10.88407,55.344026],[10.880836,55.352784],[10.877261,55.358618],[10.876254,55.362108],[10.876506,55.367071],[10.8747,55.3754],[10.868556,55.386069],[10.866203,55.391295],[10.855908,55.423009],[10.847168,55.44516],[10.843979,55.455014],[10.838617,55.466773],[10.835077,55.478162],[10.83196,55.491323],[10.827316,55.500431],[10.819321,55.520479],[10.81298,55.529647],[10.809324,55.536142],[10.80706,55.539377],[10.804662,55.541873],[10.804069,55.54362],[10.790406,55.55742],[10.779052,55.573934],[10.768425,55.587815],[10.759631,55.602287],[10.754376,55.609858],[10.743192,55.622583],[10.744118,55.629734],[10.743561,55.6366],[10.744351,55.643337],[10.744423,55.65405],[10.745007,55.658031],[10.743489,55.670147],[10.74445,55.684258],[10.743812,55.692499],[10.744656,55.706627],[10.743381,55.717571],[10.743641,55.726585],[10.74277,55.736171],[10.742689,55.755131],[10.742087,55.763864],[10.742042,55.820622],[10.743183,55.837211],[10.743076,55.849963],[10.744279,55.857603],[10.744189,55.867853],[10.745285,55.879509],[10.742025,55.89204],[10.743111,55.898576],[10.74436,55.912609],[10.745905,55.921044],[10.74383,55.929028],[10.74065,55.936486],[10.73412,55.94306],[10.724688,55.950162],[10.721822,55.955081],[10.71831,55.979863],[10.72043,55.982296],[10.725352,55.993006],[10.73226,56.000346],[10.742007,56.009164],[10.747989,56.015399],[10.752741,56.018961],[10.763422,56.025753],[10.770284,56.03193],[10.774416,56.03803],[10.783345,56.045995],[10.790406,56.054441],[10.795643,56.059502],[10.799263,56.065995],[10.80335,56.07106],[10.810914,56.078631],[10.82251,56.096496],[10.832113,56.108027],[10.836281,56.11659],[10.843916,56.13695],[10.845372,56.143294],[10.851309,56.158722],[10.854839,56.171403],[10.856717,56.176224],[10.86349,56.188237],[10.870838,56.198535],[10.87417,56.208884],[10.874494,56.21306],[10.875545,56.21776],[10.877341,56.221423],[10.885058,56.233683],[10.894067,56.249805],[10.898235,56.256046],[10.900795,56.261171],[10.907048,56.278455],[10.917063,56.301006],[10.921716,56.314364],[10.932972,56.341099],[10.934194,56.354787],[10.934176,56.372218],[10.932936,56.382008],[10.931184,56.388949],[10.929612,56.398445],[10.928148,56.401843],[10.927142,56.402794],[10.925956,56.403118]]}},{"type":"Feature","properties":{"name":"Grenaa -Læsø","source":"2026/skagerrak-exploring/2026.06.16 Grenaa -Læsø.gpx","year":"2026","voyage_id":"2026/skagerrak-exploring","voyage_title":"Skagerrak and Oslo circuit","start":"2026-06-16T03:24:07Z","end":"2026-06-16T14:24:32Z","distance_nm":62.08,"duration_hours":11.01,"day_marks":[{"time":"2026-06-16T12:00:00Z","coordinates":[10.809854,57.17995],"distance_nm":49.16}],"segment_count":1,"original_points":39591,"simplified_points":113,"tolerance_m":20.0},"geometry":{"type":"LineString","coordinates":[[10.924187,56.403432],[10.92531,56.402973],[10.935155,56.405294],[10.944587,56.408054],[10.966325,56.415354],[10.973188,56.417286],[10.973278,56.419954],[10.972299,56.428587],[10.972155,56.436644],[10.969559,56.450208],[10.969361,56.45563],[10.965813,56.476157],[10.964097,56.491063],[10.963082,56.502605],[10.962615,56.522943],[10.959732,56.540441],[10.957764,56.563953],[10.955968,56.573093],[10.956453,56.583336],[10.954764,56.589209],[10.952518,56.594547],[10.950084,56.607395],[10.948332,56.612131],[10.945467,56.617297],[10.944641,56.621512],[10.943257,56.624983],[10.942476,56.629791],[10.942916,56.630073],[10.947964,56.62939],[10.948449,56.631444],[10.947515,56.634316],[10.945467,56.637801],[10.944209,56.645428],[10.943078,56.648026],[10.941757,56.659307],[10.940481,56.664141],[10.940005,56.668736],[10.937724,56.676886],[10.935316,56.695014],[10.930978,56.708653],[10.929513,56.718089],[10.92584,56.72965],[10.922848,56.744421],[10.920719,56.750231],[10.919507,56.756754],[10.916048,56.765902],[10.914198,56.774336],[10.912437,56.779233],[10.911853,56.786669],[10.910506,56.79194],[10.909958,56.797653],[10.908637,56.801955],[10.908045,56.808992],[10.906059,56.815915],[10.903877,56.821068],[10.902565,56.828648],[10.902098,56.83537],[10.900212,56.842391],[10.898783,56.85693],[10.895316,56.869718],[10.895334,56.872542],[10.892693,56.889356],[10.893618,56.895502],[10.89325,56.899823],[10.893708,56.906812],[10.892397,56.917505],[10.89201,56.926185],[10.890843,56.931662],[10.890474,56.940039],[10.891004,56.952794],[10.891867,56.955984],[10.891983,56.959508],[10.893654,56.964543],[10.894876,56.971956],[10.892864,56.979118],[10.89281,56.982316],[10.888067,56.992031],[10.883818,56.998802],[10.880009,57.011016],[10.872949,57.025045],[10.870137,57.032],[10.868008,57.038832],[10.867002,57.044219],[10.864074,57.050373],[10.85642,57.061308],[10.847366,57.076203],[10.845839,57.083129],[10.845372,57.090583],[10.840736,57.102816],[10.837997,57.113638],[10.826121,57.142827],[10.821585,57.151572],[10.81448,57.167841],[10.804239,57.194354],[10.798077,57.20415],[10.794233,57.212749],[10.788771,57.221906],[10.785636,57.231221],[10.785376,57.233492],[10.780615,57.243433],[10.776456,57.254724],[10.768084,57.27014],[10.762056,57.279944],[10.757295,57.289401],[10.758777,57.290077],[10.781145,57.293219],[10.790765,57.295154],[10.808057,57.296667],[10.847725,57.303605],[10.895532,57.312706],[10.903742,57.30801],[10.919983,57.300771],[10.922291,57.298184]]}},{"type":"Feature","properties":{"name":"Læsø – Malmön","source":"2026/skagerrak-exploring/2026.06.17 Læsö - Malmön.gpx","year":"2026","voyage_id":"2026/skagerrak-exploring","voyage_title":"Skagerrak and Oslo circuit","start":"2026-06-17T05:57:35Z","end":"2026-06-17T19:55:00Z","distance_nm":68.3,"duration_hours":13.96,"day_marks":[{"time":"2026-06-17T12:00:00Z","coordinates":[11.024173,57.724156],"distance_nm":27.93}],"segment_count":1,"original_points":50227,"simplified_points":113,"tolerance_m":20.0},"geometry":{"type":"LineString","coordinates":[[10.923396,57.296851],[10.921645,57.299156],[10.910497,57.304986],[10.894651,57.314154],[10.879291,57.322489],[10.855971,57.336565],[10.855935,57.338284],[10.856582,57.339707],[10.855001,57.346215],[10.853824,57.347036],[10.850806,57.348231],[10.848111,57.349037],[10.844392,57.349556],[10.841823,57.350644],[10.847599,57.36032],[10.848731,57.364563],[10.852234,57.372163],[10.86367,57.39253],[10.865286,57.396973],[10.868951,57.403849],[10.870371,57.411174],[10.87303,57.419177],[10.877,57.429131],[10.886073,57.449064],[10.888597,57.456889],[10.88954,57.460345],[10.891031,57.473012],[10.893573,57.487015],[10.903886,57.510301],[10.906598,57.518988],[10.909437,57.525333],[10.911916,57.528866],[10.917432,57.539186],[10.921106,57.544977],[10.923217,57.549918],[10.933969,57.566811],[10.941973,57.577313],[10.946015,57.583837],[10.951216,57.589945],[10.95648,57.597797],[10.959327,57.603078],[10.976161,57.626381],[10.981991,57.638075],[10.988746,57.648937],[10.991809,57.655611],[10.993264,57.660441],[10.995753,57.664821],[10.999615,57.674015],[11.003702,57.681195],[11.00681,57.685578],[11.010916,57.69454],[11.01317,57.702505],[11.015632,57.708285],[11.025405,57.726287],[11.031118,57.740091],[11.03437,57.745735],[11.032609,57.750423],[11.033409,57.753765],[11.03234,57.756022],[11.035358,57.760425],[11.042113,57.775354],[11.049551,57.78829],[11.050997,57.795563],[11.059539,57.811028],[11.061022,57.81588],[11.068855,57.832736],[11.071424,57.836664],[11.074658,57.844377],[11.079679,57.866438],[11.081925,57.884466],[11.083901,57.8907],[11.084772,57.896947],[11.090692,57.909343],[11.094213,57.919612],[11.098552,57.925643],[11.102064,57.932224],[11.106403,57.943575],[11.120425,57.972052],[11.133477,58.001456],[11.140888,58.021537],[11.147068,58.034242],[11.172534,58.070345],[11.182101,58.085054],[11.183358,58.086068],[11.194156,58.104889],[11.198755,58.119152],[11.203228,58.128833],[11.205312,58.135879],[11.206103,58.147337],[11.207881,58.15786],[11.20701,58.166306],[11.207639,58.170374],[11.206247,58.181854],[11.206911,58.184051],[11.208618,58.202331],[11.210468,58.211132],[11.228614,58.232654],[11.242214,58.250124],[11.266476,58.269947],[11.285277,58.280722],[11.292014,58.285397],[11.295221,58.286906],[11.29912,58.289493],[11.324909,58.302448],[11.336515,58.308888],[11.342552,58.316905],[11.34495,58.324949],[11.350672,58.335892],[11.350609,58.337858],[11.353187,58.346402],[11.352747,58.347876],[11.350699,58.349812],[11.345704,58.349255]]}},{"type":"Feature","properties":{"name":"Malmön – Munkh","source":"2026/skagerrak-exploring/2026.06.19 Malmön - Munkh.gpx","year":"2026","voyage_id":"2026/skagerrak-exploring","voyage_title":"Skagerrak and Oslo circuit","start":"2026-06-19T08:09:17Z","end":"2026-06-19T12:48:52Z","distance_nm":16.45,"duration_hours":4.66,"day_marks":[{"time":"2026-06-19T12:00:00Z","coordinates":[11.279627,58.501337],"distance_nm":16.28}],"segment_count":1,"original_points":16001,"simplified_points":53,"tolerance_m":20.0},"geometry":{"type":"LineString","coordinates":[[11.343827,58.349732],[11.344115,58.34916],[11.345103,58.349189],[11.345031,58.353297],[11.345642,58.357069],[11.344303,58.359227],[11.342983,58.359893],[11.339057,58.360945],[11.332185,58.360454],[11.323319,58.359147],[11.312495,58.357088],[11.286966,58.353618],[11.277812,58.351177],[11.275773,58.350955],[11.263638,58.351927],[11.257511,58.352844],[11.24551,58.352437],[11.231614,58.351139],[11.223718,58.348645],[11.221751,58.348367],[11.203049,58.351885],[11.201522,58.352447],[11.200426,58.353698],[11.20048,58.354553],[11.202456,58.35739],[11.204998,58.36324],[11.204261,58.367681],[11.204531,58.370056],[11.20357,58.372609],[11.197758,58.39881],[11.197354,58.40882],[11.198225,58.419624],[11.203058,58.431598],[11.2131,58.441679],[11.217152,58.44499],[11.233752,58.452067],[11.240255,58.455387],[11.253487,58.460777],[11.272396,58.466906],[11.278962,58.468723],[11.286957,58.47907],[11.285915,58.482462],[11.282385,58.48712],[11.27863,58.490826],[11.277381,58.493667],[11.278172,58.49623],[11.28101,58.500006],[11.281792,58.503655],[11.283238,58.504191],[11.282762,58.503218],[11.2796,58.501327],[11.280903,58.501435],[11.280292,58.501332]]}},{"type":"Feature","properties":{"name":"Dannemark – Ekenäs","source":"2026/skagerrak-exploring/2026.06.20 Dannemark - Ekenäs.gpx","year":"2026","voyage_id":"2026/skagerrak-exploring","voyage_title":"Skagerrak and Oslo circuit","start":"2026-06-20T08:39:29Z","end":"2026-06-20T14:21:52Z","distance_nm":25.91,"duration_hours":5.71,"day_marks":[{"time":"2026-06-20T12:00:00Z","coordinates":[11.163866,58.703453],"distance_nm":12.68}],"segment_count":1,"original_points":20077,"simplified_points":62,"tolerance_m":20.0},"geometry":{"type":"LineString","coordinates":[[11.266225,58.514585],[11.266036,58.515426],[11.261652,58.516596],[11.25929,58.517809],[11.256622,58.519914],[11.25567,58.52341],[11.254682,58.524895],[11.244819,58.5347],[11.241666,58.539661],[11.233357,58.547081],[11.232476,58.54849],[11.235827,58.550701],[11.245672,58.567952],[11.247522,58.572819],[11.249966,58.577084],[11.250208,58.579134],[11.249373,58.581789],[11.247442,58.584257],[11.236563,58.58967],[11.222658,58.60407],[11.216424,58.607169],[11.211457,58.613155],[11.211475,58.614247],[11.206893,58.619786],[11.198557,58.635242],[11.196231,58.646435],[11.195728,58.652555],[11.196114,58.657063],[11.195314,58.660302],[11.189053,58.667584],[11.17257,58.690568],[11.166839,58.69976],[11.161557,58.706604],[11.15853,58.712433],[11.161566,58.718868],[11.164494,58.727437],[11.170908,58.738829],[11.17575,58.750544],[11.176819,58.755721],[11.179783,58.764808],[11.183843,58.772334],[11.180583,58.779518],[11.178148,58.782275],[11.1769,58.783012],[11.165797,58.793248],[11.154227,58.801761],[11.151281,58.805527],[11.144472,58.809946],[11.131519,58.817504],[11.124108,58.822457],[11.121054,58.825224],[11.107633,58.843103],[11.101094,58.850761],[11.089165,58.866091],[11.089668,58.867501],[11.07711,58.880489],[11.069573,58.889883],[11.064902,58.893742],[11.059629,58.896605],[11.051374,58.897991],[11.048823,58.897633],[11.048203,58.896982]]}},{"type":"Feature","properties":{"name":"Ekenäs – Fuglevik","source":"2026/skagerrak-exploring/2026.06.22 Ekenäs - Fuglevik.gpx","year":"2026","voyage_id":"2026/skagerrak-exploring","voyage_title":"Skagerrak and Oslo circuit","start":"2026-06-22T06:39:29Z","end":"2026-06-22T15:13:48Z","distance_nm":34.14,"duration_hours":8.57,"day_marks":[{"time":"2026-06-22T12:00:00Z","coordinates":[10.765524,59.160405],"distance_nm":19.71}],"segment_count":1,"original_points":30829,"simplified_points":92,"tolerance_m":20.0},"geometry":{"type":"LineString","coordinates":[[11.048302,58.896113],[11.042778,58.89985],[11.041224,58.901351],[11.03949,58.902072],[11.037415,58.902244],[11.031783,58.901765],[11.028261,58.902053],[11.026267,58.902462],[11.023716,58.90361],[11.019395,58.907115],[11.010601,58.915753],[11.001232,58.921737],[10.988243,58.928681],[10.984327,58.931955],[10.981084,58.933683],[10.974113,58.938447],[10.971796,58.941943],[10.970107,58.943354],[10.956219,58.952963],[10.948934,58.957455],[10.935622,58.968391],[10.933565,58.970377],[10.931687,58.974064],[10.929298,58.97675],[10.926729,58.978749],[10.923657,58.979987],[10.919713,58.983136],[10.906994,58.996562],[10.891534,59.010687],[10.888112,59.015283],[10.886369,59.01614],[10.884599,59.017637],[10.879533,59.01822],[10.871215,59.018679],[10.83249,59.01999],[10.831853,59.020592],[10.829813,59.026053],[10.828322,59.034846],[10.825951,59.041772],[10.825358,59.045526],[10.821612,59.056115],[10.810078,59.07953],[10.809791,59.081759],[10.807635,59.085878],[10.807285,59.089443],[10.805784,59.092711],[10.805515,59.096108],[10.800925,59.105591],[10.797763,59.109291],[10.795742,59.114498],[10.792939,59.118512],[10.792661,59.119967],[10.790056,59.122904],[10.785852,59.130592],[10.782806,59.134309],[10.781711,59.136816],[10.771506,59.149905],[10.770581,59.152609],[10.76635,59.158192],[10.765667,59.160208],[10.761787,59.165729],[10.758849,59.168248],[10.745456,59.188392],[10.728577,59.210293],[10.726556,59.216096],[10.72061,59.225352],[10.718984,59.229551],[10.717016,59.232787],[10.713693,59.242858],[10.708079,59.253698],[10.705545,59.260939],[10.697991,59.272233],[10.68934,59.289127],[10.686161,59.294053],[10.683079,59.300109],[10.674303,59.308846],[10.673701,59.3106],[10.663443,59.325005],[10.660542,59.328337],[10.660245,59.329884],[10.657856,59.332849],[10.655224,59.337755],[10.651307,59.349937],[10.648981,59.360606],[10.648505,59.373916],[10.647867,59.37509],[10.647615,59.377584],[10.646448,59.379605],[10.64766,59.384096],[10.649178,59.387268],[10.649789,59.387689],[10.650894,59.387565]]}},{"type":"Feature","properties":{"name":"Fuglevik – Oslo","source":"2026/skagerrak-exploring/2026.06.23 Fuglevik – Oslo.gpx","year":"2026","voyage_id":"2026/skagerrak-exploring","voyage_title":"Skagerrak and Oslo circuit","start":"2026-06-23T09:38:29Z","end":"2026-06-23T17:46:40Z","distance_nm":34.79,"duration_hours":8.14,"day_marks":[{"time":"2026-06-23T12:00:00Z","coordinates":[10.636116,59.541628],"distance_nm":10.58}],"segment_count":1,"original_points":29173,"simplified_points":78,"tolerance_m":20.0},"geometry":{"type":"LineString","coordinates":[[10.651891,59.386131],[10.65102,59.386466],[10.650777,59.38773],[10.634878,59.392739],[10.629623,59.395304],[10.624673,59.39693],[10.608953,59.405047],[10.598452,59.410987],[10.590045,59.415263],[10.585814,59.418587],[10.583855,59.42122],[10.583496,59.422588],[10.5839,59.43004],[10.585859,59.437302],[10.586209,59.442143],[10.587224,59.446072],[10.60112,59.486568],[10.605225,59.493645],[10.607624,59.499016],[10.612169,59.505706],[10.61508,59.511487],[10.623335,59.525313],[10.6383,59.544297],[10.63883,59.55008],[10.637896,59.564182],[10.639216,59.570481],[10.639405,59.575886],[10.637797,59.587904],[10.63389,59.604039],[10.638004,59.620157],[10.638049,59.622141],[10.637375,59.624867],[10.633674,59.632679],[10.632066,59.639702],[10.628518,59.64685],[10.624916,59.656012],[10.619571,59.664243],[10.6126,59.677507],[10.604866,59.687423],[10.60068,59.691905],[10.597922,59.696568],[10.595542,59.699492],[10.593692,59.70676],[10.586433,59.714116],[10.583038,59.718341],[10.582167,59.720478],[10.58267,59.727864],[10.579696,59.741873],[10.578906,59.747594],[10.578834,59.755019],[10.57975,59.761786],[10.582247,59.7699],[10.587215,59.781428],[10.586577,59.790915],[10.587368,59.79737],[10.586954,59.804273],[10.587646,59.809314],[10.586766,59.815472],[10.59008,59.81967],[10.599459,59.827445],[10.612672,59.840328],[10.619077,59.845743],[10.626218,59.852581],[10.652143,59.873751],[10.66312,59.87866],[10.68475,59.88996],[10.687741,59.892786],[10.689098,59.89354],[10.69641,59.894993],[10.703425,59.898612],[10.721732,59.905476],[10.723754,59.907154],[10.724436,59.907281],[10.724059,59.907425],[10.725137,59.907524],[10.725361,59.907244],[10.725218,59.907646],[10.725766,59.9077]]}},{"type":"Feature","properties":{"name":"Oslo – Horten","source":"2026/skagerrak-exploring/2026.06.26 Oslo - Harten.gpx","year":"2026","voyage_id":"2026/skagerrak-exploring","voyage_title":"Skagerrak and Oslo circuit","start":"2026-06-25T20:35:33Z","end":"2026-06-26T02:58:26Z","distance_nm":31.52,"duration_hours":6.38,"day_marks":[],"segment_count":2,"original_points":21908,"simplified_points":57,"tolerance_m":20.0},"geometry":{"type":"MultiLineString","coordinates":[[[10.725882,59.9077],[10.724679,59.907551],[10.723233,59.906847],[10.723062,59.907055],[10.72228,59.906117],[10.715938,59.903951],[10.711187,59.901911],[10.701314,59.898996],[10.690957,59.895038],[10.66294,59.877544],[10.648514,59.870201],[10.638695,59.861008],[10.634177,59.855735],[10.6134,59.839111],[10.602899,59.829612],[10.592281,59.821529],[10.586919,59.816187],[10.584296,59.807332],[10.580038,59.788357],[10.57516,59.760557],[10.57543,59.75007],[10.581502,59.732145],[10.582391,59.72653],[10.580828,59.705933],[10.582122,59.703673],[10.585859,59.699315],[10.611513,59.678293],[10.616319,59.668719],[10.617182,59.665498],[10.617514,59.660994]],[[10.61887,59.640689],[10.62108,59.635644],[10.621008,59.630304],[10.619571,59.623061],[10.622463,59.618651],[10.625742,59.607681],[10.626048,59.572728],[10.625509,59.568995],[10.620173,59.560558],[10.614074,59.552314],[10.608873,59.547043],[10.605495,59.542103],[10.600977,59.536716],[10.596737,59.530355],[10.579634,59.510551],[10.574316,59.505857],[10.569986,59.500446],[10.565117,59.495696],[10.560644,59.49004],[10.556602,59.486011],[10.548553,59.471524],[10.542508,59.462769],[10.536821,59.456665],[10.525198,59.442646],[10.498869,59.414677],[10.494899,59.413153],[10.489815,59.412736]]]}},{"type":"Feature","properties":{"name":"Horten – Fredrikstad","source":"2026/skagerrak-exploring/2026.06.27 Horten - Fredrikstad.gpx","year":"2026","voyage_id":"2026/skagerrak-exploring","voyage_title":"Skagerrak and Oslo circuit","start":"2026-06-27T06:33:41Z","end":"2026-06-27T12:05:42Z","distance_nm":25.14,"duration_hours":5.53,"day_marks":[{"time":"2026-06-27T12:00:00Z","coordinates":[10.924312,59.213991],"distance_nm":25.13}],"segment_count":1,"original_points":19903,"simplified_points":56,"tolerance_m":20.0},"geometry":{"type":"LineString","coordinates":[[10.492285,59.412603],[10.514975,59.401539],[10.525422,59.396871],[10.541232,59.388931],[10.551104,59.379009],[10.558201,59.368906],[10.565575,59.359803],[10.575034,59.350368],[10.585302,59.336301],[10.598947,59.322466],[10.609241,59.30975],[10.617442,59.300986],[10.625976,59.286305],[10.6315,59.278403],[10.642944,59.265262],[10.654954,59.240686],[10.660245,59.231853],[10.664781,59.226199],[10.668428,59.223989],[10.684499,59.216239],[10.710405,59.200945],[10.717735,59.197254],[10.738324,59.184805],[10.746992,59.180601],[10.759936,59.17261],[10.762047,59.171835],[10.769548,59.166214],[10.772476,59.162869],[10.777399,59.161458],[10.781486,59.159534],[10.792562,59.152637],[10.802039,59.148124],[10.807105,59.146269],[10.809485,59.146186],[10.820885,59.147242],[10.828295,59.148701],[10.833146,59.150103],[10.844141,59.155336],[10.851237,59.15827],[10.861424,59.164599],[10.866122,59.170263],[10.867541,59.172804],[10.873326,59.178798],[10.879416,59.183505],[10.882686,59.185552],[10.889306,59.191558],[10.892702,59.193286],[10.895145,59.195121],[10.899241,59.201083],[10.901065,59.202479],[10.904739,59.206769],[10.910811,59.212407],[10.912707,59.213591],[10.916938,59.214346],[10.922193,59.214364],[10.924312,59.213978]]}},{"type":"Feature","properties":{"name":"Fredrikstad – Strømstad","source":"2026/skagerrak-exploring/2026.06.28 Fredrikstad - Strømstad.gpx","year":"2026","voyage_id":"2026/skagerrak-exploring","voyage_title":"Skagerrak and Oslo circuit","start":"2026-06-28T09:30:30Z","end":"2026-06-28T17:41:47Z","distance_nm":34.38,"duration_hours":8.19,"day_marks":[{"time":"2026-06-28T12:00:00Z","coordinates":[10.722039,59.133556],"distance_nm":11.54}],"segment_count":1,"original_points":29354,"simplified_points":82,"tolerance_m":20.0},"geometry":{"type":"LineString","coordinates":[[10.915518,59.217123],[10.913785,59.215861],[10.905431,59.207427],[10.896744,59.197356],[10.888687,59.190627],[10.881069,59.185193],[10.873766,59.178655],[10.870928,59.176746],[10.872958,59.171347],[10.883261,59.154805],[10.880099,59.154884],[10.868637,59.156794],[10.857912,59.158146],[10.839811,59.156609],[10.846063,59.15182],[10.856187,59.146624],[10.860526,59.143896],[10.864819,59.13899],[10.853663,59.139932],[10.829077,59.13953],[10.818154,59.139064],[10.804006,59.136451],[10.799434,59.136091],[10.734308,59.133764],[10.702303,59.13333],[10.707234,59.130712],[10.712561,59.12887],[10.68917,59.125365],[10.676711,59.124003],[10.683034,59.122341],[10.735647,59.102546],[10.748088,59.096875],[10.754241,59.093529],[10.760619,59.08947],[10.765622,59.085342],[10.769144,59.083335],[10.784441,59.076441],[10.803206,59.068884],[10.810429,59.064735],[10.815486,59.063037],[10.823256,59.058665],[10.834538,59.053778],[10.840988,59.049784],[10.848632,59.046235],[10.854031,59.042217],[10.863328,59.036976],[10.878294,59.027632],[10.8861,59.023422],[10.890959,59.021694],[10.893906,59.020087],[10.909751,59.015056],[10.926846,59.010488],[10.948054,59.001707],[10.959399,58.996539],[10.972119,58.991708],[10.977859,58.98869],[10.987866,58.984782],[10.995941,58.981072],[11.003208,58.978554],[11.014194,58.974125],[11.02439,58.970715],[11.035367,58.968637],[11.047071,58.966953],[11.048203,58.967593],[11.048751,58.970233],[11.049479,58.970553],[11.053171,58.970817],[11.063645,58.972367],[11.078619,58.973512],[11.080353,58.973633],[11.08718,58.97264],[11.095749,58.972135],[11.102289,58.971133],[11.106268,58.969569],[11.110697,58.965691],[11.126327,58.94347],[11.130611,58.939464],[11.136396,58.93521],[11.139594,58.934166],[11.143744,58.933924],[11.160219,58.935986],[11.164548,58.935911]]}},{"type":"Feature","properties":{"name":"Strömstad – Havstenssund","source":"2026/skagerrak-exploring/2026.06.30 Strömstad - Havstenssund.gpx","year":"2026","voyage_id":"2026/skagerrak-exploring","voyage_title":"Skagerrak and Oslo circuit","start":"2026-06-30T14:16:08Z","end":"2026-06-30T17:42:32Z","distance_nm":12.71,"duration_hours":3.44,"day_marks":[],"segment_count":1,"original_points":12373,"simplified_points":51,"tolerance_m":20.0},"geometry":{"type":"LineString","coordinates":[[11.163012,58.930111],[11.159356,58.929828],[11.151793,58.928509],[11.137986,58.928286],[11.136747,58.927868],[11.129291,58.926958],[11.122087,58.927394],[11.1195,58.92601],[11.118287,58.925968],[11.11393,58.92398],[11.103295,58.918155],[11.098615,58.915326],[11.096333,58.9127],[11.093611,58.911715],[11.088859,58.909127],[11.088141,58.907984],[11.097034,58.897614],[11.098758,58.894709],[11.099531,58.891905],[11.102235,58.888971],[11.105019,58.884926],[11.107948,58.88321],[11.109744,58.878326],[11.120191,58.863616],[11.12215,58.85974],[11.123398,58.855551],[11.123488,58.852823],[11.126821,58.84733],[11.125527,58.846753],[11.12656,58.844481],[11.129318,58.841031],[11.130575,58.838489],[11.135759,58.833822],[11.137232,58.831531],[11.137331,58.827651],[11.138301,58.826337],[11.138346,58.824167],[11.140331,58.815701],[11.146376,58.809293],[11.151371,58.805127],[11.154667,58.801626],[11.157182,58.800549],[11.162824,58.79715],[11.166049,58.794278],[11.168923,58.792633],[11.172067,58.789788],[11.175983,58.780078],[11.177627,58.778702],[11.180951,58.773398],[11.18096,58.767864],[11.178993,58.758983]]}},{"type":"Feature","properties":{"name":"Havstenssund – Hamburgsund","source":"2026/skagerrak-exploring/2026.07.01 Havstenssund - Hamburgsund.gpx","year":"2026","voyage_id":"2026/skagerrak-exploring","voyage_title":"Skagerrak and Oslo circuit","start":"2026-07-01T14:58:55Z","end":"2026-07-01T17:51:47Z","distance_nm":14.05,"duration_hours":2.88,"day_marks":[],"segment_count":1,"original_points":10373,"simplified_points":60,"tolerance_m":20.0},"geometry":{"type":"LineString","coordinates":[[11.177591,58.757691],[11.175642,58.751225],[11.172435,58.743204],[11.166489,58.729992],[11.16718,58.728941],[11.166839,58.721078],[11.167737,58.719513],[11.169255,58.718312],[11.18025,58.712966],[11.184598,58.71119],[11.187724,58.709143],[11.188029,58.708198],[11.191955,58.704075],[11.19376,58.700602],[11.197686,58.697914],[11.202806,58.692111],[11.207109,58.688912],[11.213047,58.687486],[11.214529,58.686475],[11.216523,58.682308],[11.218436,58.675796],[11.222218,58.670869],[11.222694,58.669208],[11.220215,58.665483],[11.21249,58.659431],[11.209489,58.654109],[11.207414,58.65204],[11.206696,58.650654],[11.20869,58.648753],[11.211025,58.643883],[11.21522,58.637912],[11.215346,58.634914],[11.213783,58.632703],[11.215822,58.629415],[11.217718,58.628215],[11.220107,58.625746],[11.229449,58.623286],[11.231461,58.622317],[11.23262,58.621154],[11.233644,58.61607],[11.232979,58.612311],[11.232225,58.610638],[11.22988,58.608088],[11.233941,58.604005],[11.232117,58.601979],[11.235,58.600788],[11.244738,58.59518],[11.244091,58.591733],[11.244747,58.589149],[11.24825,58.585026],[11.252346,58.577572],[11.256936,58.574602],[11.255239,58.56768],[11.255311,58.56439],[11.257242,58.562001],[11.26114,58.559288],[11.263108,58.557039],[11.267285,58.554701],[11.268102,58.552152],[11.269288,58.551222]]}},{"type":"Feature","properties":{"name":"Hamburgsund – Malmön","source":"2026/skagerrak-exploring/2026.07.03 Hamburgsund - Malmöns.gpx","year":"2026","voyage_id":"2026/skagerrak-exploring","voyage_title":"Skagerrak and Oslo circuit","start":"2026-07-03T11:48:25Z","end":"2026-07-03T16:11:35Z","distance_nm":25.27,"duration_hours":4.39,"day_marks":[{"time":"2026-07-03T12:00:00Z","coordinates":[11.276483,58.536524],"distance_nm":1.0}],"segment_count":1,"original_points":15772,"simplified_points":86,"tolerance_m":20.0},"geometry":{"type":"LineString","coordinates":[[11.268479,58.552222],[11.268165,58.551992],[11.270024,58.549795],[11.271821,58.544522],[11.276339,58.537932],[11.27642,58.535499],[11.274821,58.532483],[11.27342,58.531548],[11.259793,58.52615],[11.256748,58.524482],[11.255921,58.520915],[11.257961,58.517682],[11.256541,58.516244],[11.251897,58.51316],[11.249678,58.510302],[11.245214,58.506245],[11.243121,58.503062],[11.237632,58.499442],[11.234515,58.494208],[11.231479,58.490662],[11.216703,58.480378],[11.2124,58.476078],[11.198108,58.466256],[11.183062,58.453593],[11.177654,58.448517],[11.173082,58.439639],[11.168636,58.432903],[11.16639,58.431216],[11.164755,58.428983],[11.16321,58.425218],[11.163632,58.417937],[11.165752,58.409876],[11.165007,58.408363],[11.166911,58.406585],[11.166884,58.404582],[11.167638,58.402116],[11.166444,58.394787],[11.162967,58.384613],[11.162752,58.377092],[11.167234,58.36813],[11.169588,58.356536],[11.171043,58.34447],[11.172974,58.341273],[11.173873,58.341145],[11.173792,58.338987],[11.174456,58.336809],[11.175337,58.335798],[11.175211,58.332703],[11.175948,58.331499],[11.176082,58.328479],[11.181768,58.320937],[11.187688,58.310949],[11.18785,58.309006],[11.188901,58.306992],[11.19059,58.304817],[11.193976,58.302845],[11.203264,58.296007],[11.208438,58.293211],[11.210549,58.292738],[11.214681,58.290525],[11.218769,58.290406],[11.219766,58.290061],[11.227446,58.289049],[11.230545,58.28912],[11.245879,58.288027],[11.248385,58.28824],[11.251924,58.288027],[11.256065,58.287105],[11.265964,58.285704],[11.271219,58.28692],[11.282133,58.286277],[11.294628,58.287332],[11.299147,58.288935],[11.305165,58.292076],[11.319115,58.29779],[11.32897,58.303758],[11.340944,58.3098],[11.346199,58.313828],[11.348157,58.324425],[11.351624,58.334588],[11.353241,58.344027],[11.352837,58.347758],[11.353591,58.348301],[11.352954,58.349137],[11.350322,58.349557],[11.345372,58.348891]]}},{"type":"Feature","properties":{"name":"Malmön – Marstrand","source":"2026/skagerrak-exploring/2026.07.05 Malmön - Marstrand.gpx","year":"2026","voyage_id":"2026/skagerrak-exploring","voyage_title":"Skagerrak and Oslo circuit","start":"2026-07-05T06:30:15Z","end":"2026-07-05T16:25:01Z","distance_nm":54.22,"duration_hours":9.91,"day_marks":[{"time":"2026-07-05T12:00:00Z","coordinates":[11.850017,58.186504],"distance_nm":30.03}],"segment_count":1,"original_points":35685,"simplified_points":160,"tolerance_m":20.0},"geometry":{"type":"LineString","coordinates":[[11.344591,58.348943],[11.348363,58.349788],[11.34981,58.349661],[11.351076,58.349151],[11.352801,58.346119],[11.352612,58.344504],[11.35307,58.343351],[11.358945,58.337262],[11.369033,58.332099],[11.384708,58.325918],[11.38857,58.323229],[11.38937,58.321977],[11.39299,58.306902],[11.397176,58.302916],[11.399413,58.294697],[11.401137,58.290927],[11.406168,58.281148],[11.411144,58.274381],[11.412132,58.270316],[11.41542,58.266969],[11.420549,58.264853],[11.422579,58.264446],[11.43132,58.26429],[11.438461,58.26455],[11.449195,58.266094],[11.468284,58.269435],[11.475021,58.270226],[11.493975,58.271726],[11.500505,58.270699],[11.502751,58.269431],[11.503757,58.267452],[11.50373,58.259499],[11.50073,58.25279],[11.497909,58.248641],[11.498439,58.247974],[11.503245,58.246311],[11.503712,58.245113],[11.501296,58.243801],[11.502373,58.242688],[11.503667,58.242242],[11.507027,58.242058],[11.512623,58.242536],[11.514105,58.242896],[11.52015,58.242404],[11.522091,58.24112],[11.525801,58.239765],[11.528073,58.237936],[11.529169,58.238012],[11.531505,58.238898],[11.534756,58.238448],[11.54152,58.239036],[11.544943,58.237842],[11.552219,58.23634],[11.554519,58.234194],[11.557124,58.232687],[11.562055,58.232791],[11.579805,58.23689],[11.591411,58.238988],[11.597079,58.240665],[11.605226,58.244023],[11.611748,58.247135],[11.638562,58.255115],[11.649098,58.257231],[11.663525,58.258576],[11.666292,58.259248],[11.669453,58.260787],[11.673577,58.264697],[11.675211,58.272176],[11.674771,58.286068],[11.675301,58.294545],[11.678131,58.298509],[11.684167,58.301407],[11.688129,58.302538],[11.692674,58.305006],[11.700085,58.30564],[11.716523,58.305739],[11.72432,58.303356],[11.725632,58.303204],[11.730087,58.302831],[11.744523,58.304197],[11.759479,58.30268],[11.766396,58.301441],[11.775406,58.29909],[11.790937,58.299114],[11.792302,58.298821],[11.797575,58.296447],[11.799767,58.294716],[11.804636,58.2893],[11.806809,58.286092],[11.822538,58.267864],[11.825835,58.262628],[11.84336,58.241579],[11.844726,58.239097],[11.848481,58.225508],[11.848849,58.220755],[11.850062,58.215896],[11.849846,58.18898],[11.850286,58.181493],[11.851993,58.17045],[11.851086,58.166244],[11.851337,58.16257],[11.850116,58.157661],[11.848831,58.155709],[11.84566,58.152865],[11.838662,58.144957],[11.837369,58.140022],[11.833596,58.133147],[11.828925,58.122564],[11.817086,58.115563],[11.809136,58.111313],[11.802067,58.10535],[11.796246,58.089983],[11.7872,58.074447],[11.780526,58.060219],[11.774552,58.05161],[11.774058,58.04931],[11.771031,58.042289],[11.767285,58.022105],[11.763674,58.012504],[11.760036,58.005915],[11.758581,57.996896],[11.755599,57.984479],[11.751538,57.974701],[11.750604,57.970773],[11.744451,57.9571],[11.741792,57.953309],[11.744622,57.946135],[11.744244,57.944659],[11.741558,57.942691],[11.741478,57.934618],[11.731534,57.92669],[11.724949,57.921997],[11.723198,57.920176],[11.722955,57.912737],[11.71973,57.910944],[11.717988,57.907913],[11.714421,57.905828],[11.705609,57.902007],[11.696932,57.910232],[11.691129,57.915051],[11.690285,57.914965],[11.68335,57.907258],[11.6799,57.904881],[11.678948,57.904442],[11.672112,57.903279],[11.665968,57.899946],[11.663929,57.892752],[11.660632,57.891375],[11.658423,57.890016],[11.65226,57.884045],[11.646736,57.877796],[11.643547,57.875379],[11.634843,57.873158],[11.62992,57.873383],[11.623794,57.874771],[11.618557,57.877265],[11.61438,57.878705],[11.59716,57.881658],[11.591025,57.883371],[11.588213,57.88372]]}},{"type":"Feature","properties":{"name":"Marstrand – Gothenburg","source":"2026/skagerrak-exploring/2026.07.08 Marstrand – Götheburg.gpx","year":"2026","voyage_id":"2026/skagerrak-exploring","voyage_title":"Skagerrak and Oslo circuit","start":"2026-07-08T14:11:38Z","end":"2026-07-08T18:27:31Z","distance_nm":22.4,"duration_hours":4.26,"day_marks":[],"segment_count":1,"original_points":15354,"simplified_points":75,"tolerance_m":20.0},"geometry":{"type":"LineString","coordinates":[[11.59416,57.88595],[11.592624,57.883323],[11.594717,57.88205],[11.601562,57.880715],[11.610266,57.879495],[11.613958,57.878633],[11.618054,57.87737],[11.62312,57.874857],[11.632534,57.872574],[11.641212,57.86481],[11.642748,57.862876],[11.644472,57.859137],[11.64758,57.854923],[11.663821,57.839951],[11.668852,57.831456],[11.668861,57.824431],[11.670504,57.821085],[11.673604,57.816906],[11.674349,57.813631],[11.677682,57.807139],[11.678993,57.803135],[11.68538,57.792541],[11.688784,57.788453],[11.692836,57.786299],[11.702681,57.778065],[11.710514,57.769988],[11.716451,57.761097],[11.716802,57.75778],[11.716272,57.755249],[11.715041,57.752766],[11.718158,57.751667],[11.717727,57.749366],[11.715436,57.74525],[11.707145,57.735085],[11.702429,57.726609],[11.701603,57.724903],[11.701226,57.721956],[11.699007,57.717227],[11.696815,57.70828],[11.698459,57.706227],[11.702151,57.703693],[11.708807,57.70175],[11.718095,57.696743],[11.748736,57.681748],[11.760782,57.677672],[11.768965,57.677177],[11.783517,57.677668],[11.789922,57.678346],[11.799273,57.678529],[11.815002,57.679621],[11.821793,57.678876],[11.827838,57.679679],[11.832878,57.679641],[11.848993,57.682821],[11.861164,57.684755],[11.866473,57.685395],[11.873318,57.685636],[11.883765,57.687281],[11.887277,57.687373],[11.891212,57.687916],[11.897509,57.689619],[11.902386,57.690461],[11.905485,57.691702],[11.910022,57.694824],[11.914989,57.697277],[11.923325,57.700187],[11.92982,57.701173],[11.935802,57.701514],[11.943779,57.702404],[11.949546,57.703707],[11.954963,57.706347],[11.958322,57.709612],[11.960918,57.711343],[11.962194,57.711886],[11.964071,57.712165]]}},{"type":"Feature","properties":{"name":"Göteborg – Helsingør","source":"2026/skagerrak-exploring/2026.07.10 Göteborg – Helsongør.gpx","year":"2026","voyage_id":"2026/skagerrak-exploring","voyage_title":"Skagerrak and Oslo circuit","start":"2026-07-10T10:09:26Z","end":"2026-07-11T09:49:51Z","distance_nm":113.33,"duration_hours":23.67,"day_marks":[{"time":"2026-07-10T12:00:00Z","coordinates":[11.819394,57.595252],"distance_nm":9.81}],"segment_count":2,"original_points":85161,"simplified_points":179,"tolerance_m":20.0},"geometry":{"type":"MultiLineString","coordinates":[[[11.965023,57.711607],[11.96514,57.711876],[11.96435,57.712179],[11.961574,57.711549],[11.958295,57.709573],[11.955026,57.70678],[11.951441,57.705154],[11.941686,57.703101],[11.930548,57.701918],[11.924125,57.700605],[11.916588,57.698162],[11.897176,57.68997],[11.889586,57.688595],[11.877558,57.687012],[11.857086,57.685771],[11.853188,57.682696],[11.841339,57.670203],[11.835914,57.662458],[11.827236,57.656825],[11.824452,57.653035],[11.819197,57.647694],[11.818541,57.63635],[11.820625,57.629662],[11.820778,57.62415],[11.822475,57.612114],[11.820643,57.603893],[11.819628,57.595844],[11.818245,57.593365],[11.806944,57.580846],[11.807887,57.578245],[11.808687,57.56796],[11.809864,57.566642],[11.810277,57.564031],[11.809864,57.560642],[11.814068,57.540441],[11.82297,57.521457],[11.826042,57.510262],[11.827497,57.500674],[11.833336,57.488858],[11.838276,57.481418],[11.838115,57.479536],[11.837243,57.478568],[11.837468,57.472746]],[[11.837602,57.472175],[11.839309,57.466343],[11.839651,57.458985],[11.842732,57.450357],[11.843064,57.445654],[11.84142,57.443954],[11.841465,57.442274],[11.843217,57.438534],[11.848166,57.430356],[11.849038,57.425928],[11.851598,57.418227],[11.855954,57.407267],[11.857347,57.399029],[11.859458,57.391051],[11.859646,57.386656],[11.863796,57.381975],[11.864425,57.3805],[11.861101,57.367422],[11.860742,57.361325],[11.858937,57.351732],[11.85273,57.328592],[11.843837,57.307607],[11.84266,57.306182],[11.838115,57.302827],[11.832042,57.291001],[11.824613,57.269341],[11.818469,57.246184],[11.815514,57.229097],[11.816691,57.227178],[11.818873,57.220741],[11.818757,57.219922],[11.818101,57.21943],[11.816511,57.219489],[11.812954,57.223977],[11.81237,57.224089],[11.81193,57.223801],[11.813771,57.221784],[11.81528,57.221404],[11.815918,57.220327],[11.819197,57.217554],[11.82199,57.213197],[11.825853,57.205149],[11.829401,57.199026],[11.830847,57.194208],[11.843612,57.163937],[11.848939,57.154921],[11.863931,57.125341],[11.870057,57.114596],[11.874567,57.098093],[11.877333,57.090377],[11.880819,57.081197],[11.887376,57.069177],[11.8899,57.060075],[11.892236,57.054651],[11.896287,57.049462],[11.908531,57.039538],[11.912375,57.035688],[11.915888,57.029174],[11.91975,57.019665],[11.924951,57.009419],[11.92805,57.004463],[11.934653,56.991962],[11.94333,56.97123],[11.945755,56.962727],[11.950022,56.953064],[11.959248,56.928248],[11.97071,56.90146],[11.982261,56.878036],[11.986789,56.87056],[11.995745,56.852723],[12.00011,56.843887],[12.004323,56.833824],[12.010818,56.822151],[12.019441,56.803794],[12.029565,56.783765],[12.050944,56.74488],[12.069511,56.709325],[12.083237,56.68011],[12.087962,56.66834],[12.104329,56.622913],[12.11076,56.599592],[12.115647,56.575552],[12.124306,56.555371],[12.13231,56.539473],[12.137403,56.532073],[12.14618,56.512704],[12.15077,56.497632],[12.157201,56.470335],[12.16022,56.463916],[12.172679,56.441387],[12.178077,56.433096],[12.18088,56.42777],[12.187177,56.418063],[12.19395,56.40636],[12.201675,56.387121],[12.213586,56.350617],[12.215635,56.341923],[12.221204,56.323429],[12.221042,56.318392],[12.218805,56.316286],[12.218761,56.314933],[12.225821,56.291671],[12.227213,56.28595],[12.228309,56.277511],[12.23051,56.272673],[12.23325,56.264585],[12.237328,56.258411],[12.243284,56.247489],[12.268391,56.216794],[12.273241,56.207858],[12.28129,56.196687],[12.285646,56.189505],[12.295689,56.179225],[12.301133,56.17456],[12.313484,56.169639],[12.341951,56.160692],[12.354167,56.156532],[12.36492,56.152295],[12.392066,56.142427],[12.420119,56.131552],[12.438659,56.125487],[12.447975,56.121126],[12.489673,56.107882],[12.536302,56.091866],[12.546821,56.087226],[12.555059,56.083072],[12.585367,56.070045],[12.605021,56.060859],[12.60883,56.059492],[12.613204,56.054139],[12.617417,56.047533],[12.620022,56.044808],[12.619564,56.043466],[12.616995,56.04424],[12.615189,56.043446],[12.614426,56.042606]]]}},{"type":"Feature","properties":{"name":"Helsingør – Copenhagen","source":"2026/skagerrak-exploring/2026.07.13 Helsingør – Copenhagen.gpx","year":"2026","voyage_id":"2026/skagerrak-exploring","voyage_title":"Skagerrak and Oslo circuit","start":"2026-07-13T15:19:35Z","end":"2026-07-13T20:28:00Z","distance_nm":22.76,"duration_hours":5.14,"day_marks":[],"segment_count":1,"original_points":18487,"simplified_points":41,"tolerance_m":20.0},"geometry":{"type":"LineString","coordinates":[[12.616267,56.043939],[12.617211,56.04426],[12.619564,56.04325],[12.62331,56.04505],[12.625277,56.044467],[12.625744,56.044064],[12.626104,56.04066],[12.627532,56.038498],[12.627298,56.035641],[12.627999,56.028429],[12.627532,56.027332],[12.631942,56.009386],[12.636003,55.996148],[12.637745,55.980614],[12.641913,55.976192],[12.64274,55.974535],[12.643243,55.956256],[12.646045,55.93817],[12.64724,55.922527],[12.649971,55.916907],[12.654112,55.904279],[12.657822,55.889309],[12.662466,55.873686],[12.664352,55.860998],[12.664783,55.850812],[12.665745,55.842534],[12.668368,55.830856],[12.675886,55.80739],[12.678258,55.798404],[12.677081,55.791076],[12.674862,55.78562],[12.66693,55.753156],[12.661613,55.743078],[12.659241,55.735213],[12.654516,55.71608],[12.653187,55.704375],[12.645677,55.69775],[12.641653,55.695421],[12.636542,55.693031],[12.633047,55.691778],[12.620795,55.688409]]}},{"type":"Feature","properties":{"name":"Copenhagen – Rødvig","source":"2026/skagerrak-exploring/2026.07.23 Copenhagen – Rødvig.gpx","year":"2026","voyage_id":"2026/skagerrak-exploring","voyage_title":"Skagerrak and Oslo circuit","start":"2026-07-23T14:00:53Z","end":"2026-07-23T21:17:26Z","distance_nm":31.7,"duration_hours":7.28,"day_marks":[],"segment_count":1,"original_points":26049,"simplified_points":49,"tolerance_m":20.0},"geometry":{"type":"LineString","coordinates":[[12.619205,55.688972],[12.619447,55.688541],[12.620534,55.688277],[12.622492,55.688576],[12.62693,55.69018],[12.63311,55.69124],[12.6392,55.688967],[12.644195,55.68543],[12.651318,55.681487],[12.669131,55.669141],[12.679794,55.653506],[12.685498,55.64604],[12.690582,55.632794],[12.6921,55.625292],[12.691462,55.618446],[12.693133,55.599962],[12.692522,55.588497],[12.694678,55.567882],[12.692765,55.566029],[12.683513,55.552079],[12.67391,55.539392],[12.669356,55.534364],[12.662053,55.524459],[12.654372,55.515602],[12.651049,55.511096],[12.628969,55.48864],[12.622232,55.479999],[12.616986,55.470815],[12.602452,55.451052],[12.586292,55.432485],[12.57341,55.416918],[12.561787,55.404341],[12.550217,55.390073],[12.53738,55.375753],[12.529943,55.365629],[12.514079,55.346693],[12.500623,55.329818],[12.486664,55.310517],[12.474995,55.295948],[12.464036,55.281348],[12.459158,55.277984],[12.408468,55.253937],[12.398515,55.251736],[12.389137,55.24857],[12.380963,55.246995],[12.379526,55.247159],[12.378493,55.247646],[12.376139,55.249971],[12.375052,55.251787]]}},{"type":"Feature","properties":{"name":"Rødvig – Klintholm","source":"2026/skagerrak-exploring/2026.07.25 Rødvig – Klintholm.gpx","year":"2026","voyage_id":"2026/skagerrak-exploring","voyage_title":"Skagerrak and Oslo circuit","start":"2026-07-25T08:54:42Z","end":"2026-07-25T15:23:06Z","distance_nm":28.36,"duration_hours":6.47,"day_marks":[{"time":"2026-07-25T12:00:00Z","coordinates":[12.534747,55.048127],"distance_nm":13.58}],"segment_count":1,"original_points":23278,"simplified_points":50,"tolerance_m":20.0},"geometry":{"type":"LineString","coordinates":[[12.374855,55.2519],[12.379014,55.246446],[12.380577,55.244993],[12.386604,55.233742],[12.400833,55.217414],[12.410885,55.203746],[12.421691,55.190165],[12.427934,55.183581],[12.433997,55.174097],[12.440276,55.165397],[12.443932,55.159349],[12.447202,55.152549],[12.451801,55.14726],[12.458664,55.140443],[12.48095,55.110412],[12.487768,55.100539],[12.49791,55.088428],[12.50524,55.077142],[12.514582,55.066009],[12.518085,55.063261],[12.531254,55.050767],[12.535251,55.047657],[12.543049,55.038331],[12.549112,55.030395],[12.555202,55.021287],[12.560448,55.015109],[12.565326,55.011511],[12.568883,55.008217],[12.57368,55.004779],[12.587963,54.99301],[12.604814,54.981398],[12.615863,54.972387],[12.636461,54.95668],[12.64936,54.948202],[12.655127,54.943894],[12.651031,54.943253],[12.643889,54.94285],[12.620804,54.940693],[12.573455,54.937285],[12.55328,54.937358],[12.534209,54.936597],[12.513576,54.93638],[12.507917,54.936711],[12.501997,54.937621],[12.476306,54.942488],[12.473297,54.943563],[12.467863,54.946402],[12.463668,54.949381],[12.462895,54.950771],[12.463057,54.951381]]}},{"type":"Feature","properties":{"name":"Klintholm – Bogø","source":"2026/skagerrak-exploring/2026.07.26 Klintholm - Bogø.gpx","year":"2026","voyage_id":"2026/skagerrak-exploring","voyage_title":"Skagerrak and Oslo circuit","start":"2026-07-26T08:25:02Z","end":"2026-07-26T12:58:23Z","distance_nm":19.54,"duration_hours":4.56,"day_marks":[{"time":"2026-07-26T12:00:00Z","coordinates":[12.128933,54.886537],"distance_nm":16.2}],"segment_count":1,"original_points":16380,"simplified_points":34,"tolerance_m":20.0},"geometry":{"type":"LineString","coordinates":[[12.464225,54.952596],[12.464305,54.951955],[12.462626,54.951009],[12.460155,54.950378],[12.45932,54.94968],[12.454703,54.948047],[12.429452,54.936028],[12.427099,54.935304],[12.407956,54.926412],[12.368441,54.909347],[12.333624,54.891834],[12.319134,54.88574],[12.300145,54.87692],[12.276879,54.866714],[12.250694,54.856118],[12.233322,54.847187],[12.20534,54.837856],[12.187815,54.830991],[12.186952,54.831229],[12.180709,54.835118],[12.175598,54.839977],[12.162573,54.849779],[12.154057,54.857056],[12.153429,54.857869],[12.151237,54.868124],[12.149737,54.870781],[12.144051,54.874371],[12.139892,54.877976],[12.135472,54.880701],[12.1218,54.892922],[12.10131,54.896629],[12.077803,54.903488],[12.052606,54.908333],[12.050737,54.912437]]}},{"type":"Feature","properties":{"name":"Bogø – Vejrø","source":"2026/skagerrak-exploring/2026.07.28 Bogø - Vejrø.gpx","year":"2026","voyage_id":"2026/skagerrak-exploring","voyage_title":"Skagerrak and Oslo circuit","start":"2026-07-28T13:37:29Z","end":"2026-07-28T19:45:02Z","distance_nm":27.93,"duration_hours":6.13,"day_marks":[],"segment_count":1,"original_points":22048,"simplified_points":60,"tolerance_m":20.0},"geometry":{"type":"LineString","coordinates":[[12.051474,54.910957],[12.05204,54.90797],[12.051474,54.906444],[12.047539,54.903043],[12.038188,54.9053],[12.036015,54.905062],[12.034227,54.905289],[12.025648,54.907593],[12.016989,54.909109],[12.009336,54.912809],[12.003632,54.918434],[11.998619,54.922522],[11.995179,54.927116],[11.987678,54.933939],[11.980645,54.94105],[11.975965,54.944096],[11.972964,54.945399],[11.962715,54.948662],[11.952385,54.95119],[11.929362,54.958081],[11.911333,54.961787],[11.898739,54.965524],[11.894284,54.965809],[11.8846,54.967767],[11.879381,54.96816],[11.873246,54.969411],[11.867569,54.969886],[11.863877,54.970672],[11.846477,54.976877],[11.832671,54.983764],[11.829895,54.986652],[11.825862,54.989291],[11.811238,54.995004],[11.793937,54.999595],[11.782197,55.003132],[11.77281,55.005491],[11.764483,55.008677],[11.741334,55.013023],[11.720611,55.017752],[11.680745,55.023862],[11.658,55.027671],[11.632867,55.033053],[11.616419,55.035983],[11.602774,55.037562],[11.584216,55.0383],[11.575916,55.038253],[11.555498,55.041436],[11.550234,55.042617],[11.520456,55.046011],[11.501125,55.047765],[11.462562,55.049849],[11.447246,55.051349],[11.418717,55.054872],[11.409842,55.055614],[11.408027,55.049988],[11.40473,55.034745],[11.403356,55.030287],[11.392855,55.031102],[11.390187,55.030581],[11.378429,55.033976]]}},{"type":"Feature","properties":{"name":"Vejrø – Kiel","source":"2026/skagerrak-exploring/2026.07.30 Vejrø – Kiel.gpx","year":"2026","voyage_id":"2026/skagerrak-exploring","voyage_title":"Skagerrak and Oslo circuit","start":"2026-07-30T07:37:31Z","end":"2026-07-30T21:39:01Z","distance_nm":65.28,"duration_hours":14.03,"day_marks":[{"time":"2026-07-30T12:00:00Z","coordinates":[10.956418,54.886896],"distance_nm":18.81}],"segment_count":1,"original_points":50465,"simplified_points":140,"tolerance_m":20.0},"geometry":{"type":"LineString","coordinates":[[11.375923,55.034977],[11.376219,55.034291],[11.377998,55.033228],[11.379606,55.032955],[11.381968,55.03182],[11.382273,55.030999],[11.372446,55.022608],[11.355352,55.012167],[11.352226,55.012115],[11.343225,55.012698],[11.304518,55.016926],[11.286652,55.016642],[11.271776,55.01561],[11.26671,55.014717],[11.257413,55.012502],[11.234929,55.008801],[11.208429,55.003953],[11.199159,55.001614],[11.187248,54.999094],[11.13919,54.98692],[11.121296,54.983232],[11.100061,54.977962],[11.09309,54.976567],[11.072457,54.973431],[11.0568,54.962465],[11.043613,54.952147],[11.030561,54.943719],[11.022997,54.937704],[11.011832,54.930737],[11.004789,54.924669],[10.988135,54.91209],[10.979925,54.906702],[10.97644,54.902686],[10.972442,54.899947],[10.969217,54.898353],[10.962471,54.892772],[10.950704,54.881514],[10.940104,54.874112],[10.936242,54.871968],[10.927582,54.864673],[10.911584,54.853905],[10.902242,54.846011],[10.89758,54.841485],[10.8861,54.832977],[10.870883,54.819939],[10.866661,54.81693],[10.860597,54.813594],[10.853537,54.810648],[10.84212,54.802714],[10.840287,54.802439],[10.838688,54.80137],[10.837799,54.799797],[10.833748,54.79591],[10.833389,54.794312],[10.831682,54.791592],[10.828358,54.787429],[10.82834,54.786458],[10.827352,54.784817],[10.824316,54.780975],[10.814597,54.769551],[10.809548,54.765853],[10.800278,54.761189],[10.787235,54.753999],[10.78066,54.749618],[10.769602,54.745134],[10.758337,54.739942],[10.747235,54.733809],[10.731515,54.726302],[10.724167,54.721914],[10.702078,54.710415],[10.672857,54.694403],[10.660218,54.688695],[10.638893,54.677635],[10.629793,54.673642],[10.609636,54.664036],[10.586433,54.653875],[10.576714,54.650807],[10.570812,54.650292],[10.568522,54.649672],[10.56218,54.646656],[10.55255,54.64118],[10.54558,54.636449],[10.534423,54.629659],[10.525198,54.621778],[10.515936,54.614699],[10.507879,54.607822],[10.504106,54.604114],[10.493453,54.595222],[10.493408,54.594659],[10.497198,54.592614],[10.481317,54.577864],[10.473322,54.571967],[10.470133,54.568987],[10.467528,54.565735],[10.463818,54.558693],[10.466145,54.561267],[10.466792,54.561262],[10.468426,54.556459],[10.451844,54.553582],[10.442062,54.553112],[10.426468,54.553081],[10.403813,54.55437],[10.399663,54.554355],[10.399492,54.553248],[10.387195,54.530737],[10.382587,54.52511],[10.366292,54.510765],[10.361055,54.507242],[10.35368,54.503201],[10.343476,54.496974],[10.334619,54.488613],[10.328555,54.483649],[10.324226,54.479496],[10.321145,54.47732],[10.304868,54.469002],[10.291699,54.46312],[10.272305,54.453831],[10.237218,54.431878],[10.232601,54.429814],[10.225514,54.423707],[10.219405,54.41905],[10.213818,54.414037],[10.21124,54.409819],[10.207665,54.401932],[10.205985,54.400276],[10.205078,54.398347],[10.203227,54.396198],[10.196409,54.383962],[10.185082,54.371754],[10.175965,54.364642],[10.174375,54.360487],[10.167332,54.34663],[10.166685,54.343376],[10.166227,54.342951],[10.164907,54.343176],[10.164458,54.342966],[10.165248,54.338075],[10.166586,54.335424],[10.169488,54.332851],[10.173836,54.330479]]}},{"type":"Feature","properties":{"name":"Am Stau – Grömitz","source":"2026/spring-delivery/2026.05.08 Am Stau – Grömitz .gpx","year":"2026","voyage_id":"2026/spring-delivery","voyage_title":"Spring delivery to Kiel","start":"2026-05-08T09:16:54Z","end":"2026-05-08T13:36:46Z","distance_nm":18.33,"duration_hours":4.33,"day_marks":[{"time":"2026-05-08T12:00:00Z","coordinates":[10.921429,54.03195],"distance_nm":11.95}],"segment_count":1,"original_points":15282,"simplified_points":55,"tolerance_m":20.0},"geometry":{"type":"LineString","coordinates":[[10.775746,53.895746],[10.782339,53.894642],[10.787711,53.894425],[10.788025,53.894218],[10.784217,53.894918],[10.786148,53.894541],[10.787513,53.895592],[10.79108,53.895772],[10.812495,53.894069],[10.814255,53.89417],[10.822349,53.895709],[10.826086,53.896844],[10.830415,53.899003],[10.848839,53.906223],[10.858424,53.911538],[10.866086,53.914322],[10.868996,53.916586],[10.870002,53.917854],[10.87197,53.9227],[10.872024,53.926205],[10.869724,53.930117],[10.867586,53.935651],[10.865457,53.939022],[10.862259,53.946315],[10.862628,53.949505],[10.865062,53.952562],[10.870137,53.955492],[10.876012,53.957701],[10.88318,53.959084],[10.886836,53.960143],[10.89016,53.962072],[10.892199,53.965838],[10.898226,53.971325],[10.90005,53.973681],[10.907542,53.989597],[10.911198,53.995711],[10.912877,53.997516],[10.913785,54.001961],[10.916866,54.011163],[10.920082,54.025192],[10.922884,54.037948],[10.924223,54.047834],[10.932819,54.073464],[10.934499,54.077151],[10.936206,54.087261],[10.939215,54.099986],[10.939916,54.107214],[10.941002,54.111426],[10.940742,54.115822],[10.943661,54.121068],[10.945009,54.128133],[10.947434,54.132142],[10.949123,54.133672],[10.949267,54.134263],[10.948701,54.134833]]}},{"type":"Feature","properties":{"name":"Grömitz – Kiel","source":"2026/spring-delivery/2026.05.09 Grömitz - Kiel.gpx","year":"2026","voyage_id":"2026/spring-delivery","voyage_title":"Spring delivery to Kiel","start":"2026-05-09T05:50:18Z","end":"2026-05-09T17:45:12Z","distance_nm":58.95,"duration_hours":11.91,"day_marks":[{"time":"2026-05-09T12:00:00Z","coordinates":[10.871054,54.431705],"distance_nm":29.37}],"segment_count":1,"original_points":42641,"simplified_points":109,"tolerance_m":20.0},"geometry":{"type":"LineString","coordinates":[[10.947299,54.135096],[10.948314,54.135508],[10.948979,54.135423],[10.948773,54.134806],[10.94968,54.134363],[10.961726,54.132791],[10.974526,54.133361],[10.977733,54.133772],[10.988719,54.137976],[10.996849,54.140128],[11.003253,54.14323],[11.010008,54.145856],[11.017347,54.149516],[11.023474,54.152031],[11.042257,54.161453],[11.050054,54.164647],[11.059036,54.168938],[11.062127,54.169807],[11.069439,54.173059],[11.085868,54.181322],[11.089847,54.183029],[11.100483,54.20045],[11.102046,54.206948],[11.103151,54.215073],[11.105127,54.22239],[11.109134,54.232143],[11.112915,54.239836],[11.114865,54.245382],[11.117532,54.250053],[11.119015,54.253898],[11.121413,54.267672],[11.125913,54.285787],[11.128186,54.291983],[11.131752,54.306127],[11.136217,54.319956],[11.138121,54.330069],[11.140708,54.338505],[11.144382,54.356505],[11.146682,54.364443],[11.148649,54.375635],[11.152826,54.385787],[11.152242,54.386505],[11.147778,54.388539],[11.144373,54.389541],[11.132103,54.394909],[11.111954,54.402482],[11.097034,54.406397],[11.086641,54.409792],[11.054824,54.416855],[11.04585,54.419344],[11.039526,54.420711],[11.036229,54.421119],[11.033103,54.422209],[11.031028,54.422576],[11.027156,54.422832],[11.009065,54.422989],[10.997657,54.423655],[10.979287,54.425478],[10.953785,54.427468],[10.899771,54.43104],[10.845228,54.432428],[10.822412,54.432752],[10.782995,54.432689],[10.760035,54.433224],[10.731515,54.434873],[10.710315,54.436659],[10.688298,54.437936],[10.660362,54.440984],[10.63565,54.442659],[10.618412,54.443036],[10.601641,54.442476],[10.586712,54.442754],[10.56536,54.442267],[10.545229,54.443445],[10.522736,54.443591],[10.509199,54.444623],[10.492348,54.44502],[10.483311,54.445649],[10.452895,54.446947],[10.419659,54.447491],[10.395962,54.448936],[10.368825,54.450004],[10.353833,54.449664],[10.31924,54.446183],[10.308101,54.444675],[10.298463,54.442717],[10.26246,54.433302],[10.244647,54.429044],[10.232385,54.424446],[10.227939,54.422424],[10.218282,54.417133],[10.214573,54.414037],[10.208303,54.405532],[10.20576,54.401382],[10.203425,54.394463],[10.201269,54.391218],[10.192098,54.381189],[10.17821,54.368639],[10.174878,54.365014],[10.167107,54.351625],[10.165239,54.347422],[10.164098,54.340437],[10.163766,54.339597],[10.162374,54.338468],[10.161978,54.336962],[10.16293,54.335754],[10.170674,54.331318],[10.175677,54.32988],[10.176414,54.330158]]}}]}
